ID,Name,x1,y1
1,Exclusive_8LANDSparcels,6736,-1184
2,Exclusive_8LANDSparcels,6736,1152
3,Exclusive_8LANDSparcels,6736,-1152
4,Exclusive_8LANDSparcels,6736,1120
5,Exclusive_8LANDSparcels,6736,-1120
6,Exclusive_8LANDSparcels,6736,1088
7,Premium_2LANDSparcels,6720,144
8,Deluxe_4LANDSparcels,6720,-32
9,Deluxe_4LANDSparcels,6720,0
10,Premium_2LANDSparcels,6720,-176
11,Premium_2LANDSparcels,6720,-1536
12,Premium_2LANDSparcels,6720,1504
13,Deluxe_4LANDSparcels,6720,-1360
14,Deluxe_4LANDSparcels,6720,1328
15,Deluxe_4LANDSparcels,6720,-1328
16,Deluxe_4LANDSparcels,6720,1296
17,Standard_LANDparcels,6704,304
18,Standard_LANDparcels,6704,-336
19,Standard_LANDparcels,6704,-1920
20,Standard_LANDparcels,6704,1888
21,Standard_LANDparcels,6704,-1728
22,Standard_LANDparcels,6704,1696
23,Exclusive_8LANDSparcels,6704,-1184
24,Exclusive_8LANDSparcels,6704,1152
25,Exclusive_8LANDSparcels,6704,-1120
26,Exclusive_8LANDSparcels,6704,1088
27,Premium_2LANDSparcels,6688,144
28,Deluxe_4LANDSparcels,6688,-32
29,Deluxe_4LANDSparcels,6688,0
30,Premium_2LANDSparcels,6688,-176
31,Premium_2LANDSparcels,6688,-1536
32,Premium_2LANDSparcels,6688,1504
33,Deluxe_4LANDSparcels,6688,-1360
34,Deluxe_4LANDSparcels,6688,1328
35,Deluxe_4LANDSparcels,6688,-1328
36,Deluxe_4LANDSparcels,6688,1296
37,Exclusive_8LANDSparcels,6672,-1184
38,Exclusive_8LANDSparcels,6672,1152
39,Exclusive_8LANDSparcels,6672,-1152
40,Exclusive_8LANDSparcels,6672,1120
41,Exclusive_8LANDSparcels,6672,-1120
42,Exclusive_8LANDSparcels,6672,1088
43,Deluxe_4LANDSparcels,6544,-1224
44,Deluxe_4LANDSparcels,6544,1192
45,Deluxe_4LANDSparcels,6544,-1192
46,Deluxe_4LANDSparcels,6544,1160
47,Deluxe_4LANDSparcels,6512,-1224
48,Deluxe_4LANDSparcels,6512,1192
49,Deluxe_4LANDSparcels,6512,-1192
50,Deluxe_4LANDSparcels,6512,1160
51,Exclusive_8LANDSparcels,6416,-770
52,Exclusive_8LANDSparcels,6416,738
53,Exclusive_8LANDSparcels,6416,-802
54,Exclusive_8LANDSparcels,6416,770
55,Exclusive_8LANDSparcels,6416,-834
56,Exclusive_8LANDSparcels,6416,802
57,Exclusive_8LANDSparcels,6384,-770
58,Exclusive_8LANDSparcels,6384,738
59,Exclusive_8LANDSparcels,6384,-834
60,Exclusive_8LANDSparcels,6384,802
61,Premium_2LANDSparcels,6368,-1304
62,Premium_2LANDSparcels,6368,1272
63,Exclusive_8LANDSparcels,6352,-770
64,Exclusive_8LANDSparcels,6352,738
65,Exclusive_8LANDSparcels,6352,-802
66,Exclusive_8LANDSparcels,6352,770
67,Exclusive_8LANDSparcels,6352,-834
68,Exclusive_8LANDSparcels,6352,802
69,Premium_2LANDSparcels,6336,-1304
70,Premium_2LANDSparcels,6336,1272
71,Deluxe_4LANDSparcels,6240,-864
72,Deluxe_4LANDSparcels,6240,832
73,Deluxe_4LANDSparcels,6240,-896
74,Deluxe_4LANDSparcels,6240,864
75,Deluxe_4LANDSparcels,6208,-864
76,Deluxe_4LANDSparcels,6208,832
77,Deluxe_4LANDSparcels,6208,-896
78,Deluxe_4LANDSparcels,6208,864
79,Standard_LANDparcels,6176,-1400
80,Standard_LANDparcels,6176,1368
81,Premium_2LANDSparcels,6080,-990
82,Premium_2LANDSparcels,6080,958
83,Premium_2LANDSparcels,6048,-990
84,Premium_2LANDSparcels,6048,958
85,Standard_LANDparcels,6000,-1516
86,Standard_LANDparcels,6000,1484
87,Standard_LANDparcels,5904,-1072
88,Standard_LANDparcels,5904,1040
89,Standard_LANDparcels,5744,-1152
90,Standard_LANDparcels,5744,1120
91,Standard_LANDparcels,5584,-1251
92,Standard_LANDparcels,5584,1219
93,Standard_LANDparcels,5424,-1152
94,Standard_LANDparcels,5424,1120
95,Exclusive_8LANDSparcels,5376,-2576
96,Exclusive_8LANDSparcels,5376,2544
97,Exclusive_8LANDSparcels,5376,-2608
98,Exclusive_8LANDSparcels,5376,2576
99,Exclusive_8LANDSparcels,5376,-2640
100,Exclusive_8LANDSparcels,5376,2608
101,Standard_LANDparcels,5344,-1648
102,Standard_LANDparcels,5344,1616
103,Exclusive_8LANDSparcels,5344,-2576
104,Exclusive_8LANDSparcels,5344,2544
105,Exclusive_8LANDSparcels,5344,-2640
106,Exclusive_8LANDSparcels,5344,2608
107,Exclusive_8LANDSparcels,5312,-2576
108,Exclusive_8LANDSparcels,5312,2544
109,Exclusive_8LANDSparcels,5312,-2608
110,Exclusive_8LANDSparcels,5312,2576
111,Exclusive_8LANDSparcels,5312,-2640
112,Exclusive_8LANDSparcels,5312,2608
113,Exclusive_8LANDSparcels,5296,-4544
114,Exclusive_8LANDSparcels,5296,-4576
115,Exclusive_8LANDSparcels,5296,-4608
116,Exclusive_8LANDSparcels,5296,5376
117,Exclusive_8LANDSparcels,5296,4512
118,Exclusive_8LANDSparcels,5296,-5408
119,Exclusive_8LANDSparcels,5296,5344
120,Exclusive_8LANDSparcels,5296,4544
121,Exclusive_8LANDSparcels,5296,-5376
122,Exclusive_8LANDSparcels,5296,5312
123,Exclusive_8LANDSparcels,5296,4576
124,Exclusive_8LANDSparcels,5296,-5344
125,Premium_2LANDSparcels,5280,-4192
126,Deluxe_4LANDSparcels,5280,-4368
127,Deluxe_4LANDSparcels,5280,-4400
128,Premium_2LANDSparcels,5280,5728
129,Premium_2LANDSparcels,5280,4160
130,Premium_2LANDSparcels,5280,-5760
131,Deluxe_4LANDSparcels,5280,5552
132,Deluxe_4LANDSparcels,5280,4336
133,Deluxe_4LANDSparcels,5280,-5584
134,Deluxe_4LANDSparcels,5280,5520
135,Deluxe_4LANDSparcels,5280,4368
136,Deluxe_4LANDSparcels,5280,-5552
137,Standard_LANDparcels,5264,-3616
138,Exclusive_8LANDSparcels,5264,-4544
139,Exclusive_8LANDSparcels,5264,-4608
140,Exclusive_8LANDSparcels,5264,5376
141,Exclusive_8LANDSparcels,5264,4512
142,Exclusive_8LANDSparcels,5264,-5408
143,Exclusive_8LANDSparcels,5264,5312
144,Exclusive_8LANDSparcels,5264,4576
145,Exclusive_8LANDSparcels,5264,-5344
146,Standard_LANDparcels,5264,-6336
147,Standard_LANDparcels,5264,-3808
148,Standard_LANDparcels,5264,-4000
149,Standard_LANDparcels,5264,5920
150,Standard_LANDparcels,5264,3968
151,Standard_LANDparcels,5264,-5952
152,Standard_LANDparcels,5264,6112
153,Standard_LANDparcels,5264,3776
154,Standard_LANDparcels,5264,-6144
155,Standard_LANDparcels,5264,-1072
156,Standard_LANDparcels,5264,1040
157,Premium_2LANDSparcels,5248,-4192
158,Deluxe_4LANDSparcels,5248,-4368
159,Deluxe_4LANDSparcels,5248,-4400
160,Premium_2LANDSparcels,5248,5728
161,Premium_2LANDSparcels,5248,4160
162,Premium_2LANDSparcels,5248,-5760
163,Deluxe_4LANDSparcels,5248,5552
164,Deluxe_4LANDSparcels,5248,4336
165,Deluxe_4LANDSparcels,5248,-5584
166,Deluxe_4LANDSparcels,5248,5520
167,Deluxe_4LANDSparcels,5248,4368
168,Deluxe_4LANDSparcels,5248,-5552
169,Exclusive_8LANDSparcels,5232,-4544
170,Exclusive_8LANDSparcels,5232,-4576
171,Exclusive_8LANDSparcels,5232,-4608
172,Exclusive_8LANDSparcels,5232,5376
173,Exclusive_8LANDSparcels,5232,4512
174,Exclusive_8LANDSparcels,5232,-5408
175,Exclusive_8LANDSparcels,5232,5344
176,Exclusive_8LANDSparcels,5232,4544
177,Exclusive_8LANDSparcels,5232,-5376
178,Exclusive_8LANDSparcels,5232,5312
179,Exclusive_8LANDSparcels,5232,4576
180,Exclusive_8LANDSparcels,5232,-5344
181,Deluxe_4LANDSparcels,5184,-2528
182,Deluxe_4LANDSparcels,5184,2496
183,Deluxe_4LANDSparcels,5184,-2560
184,Deluxe_4LANDSparcels,5184,2528
185,Standard_LANDparcels,5168,-1536
186,Standard_LANDparcels,5168,1504
187,Deluxe_4LANDSparcels,5152,-2528
188,Deluxe_4LANDSparcels,5152,2496
189,Deluxe_4LANDSparcels,5152,-2560
190,Deluxe_4LANDSparcels,5152,2528
191,Premium_2LANDSparcels,5120,-990
192,Premium_2LANDSparcels,5120,958
193,Deluxe_4LANDSparcels,5104,-4464
194,Deluxe_4LANDSparcels,5104,-4496
195,Deluxe_4LANDSparcels,5104,5426
196,Deluxe_4LANDSparcels,5104,4462
197,Deluxe_4LANDSparcels,5104,-5488
198,Deluxe_4LANDSparcels,5104,5394
199,Deluxe_4LANDSparcels,5104,4494
200,Deluxe_4LANDSparcels,5104,-5456
201,Standard_LANDparcels,5088,-3476
202,Standard_LANDparcels,5088,3444
203,Standard_LANDparcels,5088,6444
204,Standard_LANDparcels,5088,-6476
205,Premium_2LANDSparcels,5088,-990
206,Premium_2LANDSparcels,5088,958
207,Deluxe_4LANDSparcels,5072,-4464
208,Deluxe_4LANDSparcels,5072,-4496
209,Deluxe_4LANDSparcels,5072,5426
210,Deluxe_4LANDSparcels,5072,4462
211,Deluxe_4LANDSparcels,5072,-5488
212,Deluxe_4LANDSparcels,5072,5394
213,Deluxe_4LANDSparcels,5072,4494
214,Deluxe_4LANDSparcels,5072,-5456
215,Premium_2LANDSparcels,5008,-2444
216,Premium_2LANDSparcels,5008,2412
217,Standard_LANDparcels,4992,-1440
218,Standard_LANDparcels,4992,1408
219,Exclusive_8LANDSparcels,4986,4912
220,Exclusive_8LANDSparcels,4986,-5008
221,Exclusive_8LANDSparcels,4986,4944
222,Exclusive_8LANDSparcels,4986,-4976
223,Exclusive_8LANDSparcels,4986,4976
224,Exclusive_8LANDSparcels,4986,-4944
225,Premium_2LANDSparcels,4976,-2444
226,Premium_2LANDSparcels,4976,2412
227,Deluxe_4LANDSparcels,4960,-896
228,Deluxe_4LANDSparcels,4960,864
229,Deluxe_4LANDSparcels,4960,-864
230,Deluxe_4LANDSparcels,4960,832
231,Exclusive_8LANDSparcels,4954,4912
232,Exclusive_8LANDSparcels,4954,-5008
233,Exclusive_8LANDSparcels,4954,4976
234,Exclusive_8LANDSparcels,4954,-4944
235,Premium_2LANDSparcels,4928,-4384
236,Premium_2LANDSparcels,4928,5506
237,Premium_2LANDSparcels,4928,4382
238,Premium_2LANDSparcels,4928,-5568
239,Deluxe_4LANDSparcels,4928,-896
240,Deluxe_4LANDSparcels,4928,864
241,Deluxe_4LANDSparcels,4928,-864
242,Deluxe_4LANDSparcels,4928,832
243,Exclusive_8LANDSparcels,4922,4912
244,Exclusive_8LANDSparcels,4922,-5008
245,Exclusive_8LANDSparcels,4922,4944
246,Exclusive_8LANDSparcels,4922,-4976
247,Exclusive_8LANDSparcels,4922,4976
248,Exclusive_8LANDSparcels,4922,-4944
249,Standard_LANDparcels,4912,-3380
250,Standard_LANDparcels,4912,3348
251,Standard_LANDparcels,4912,6540
252,Standard_LANDparcels,4912,-6572
253,Premium_2LANDSparcels,4896,-4384
254,Premium_2LANDSparcels,4896,5506
255,Premium_2LANDSparcels,4896,4382
256,Premium_2LANDSparcels,4896,-5568
257,Premium_2LANDSparcels,4832,-1344
258,Premium_2LANDSparcels,4832,1312
259,Exclusive_8LANDSparcels,4816,-832
260,Exclusive_8LANDSparcels,4816,800
261,Exclusive_8LANDSparcels,4816,-800
262,Exclusive_8LANDSparcels,4816,768
263,Exclusive_8LANDSparcels,4816,736
264,Exclusive_8LANDSparcels,4816,-768
265,Standard_LANDparcels,4816,-2348
266,Standard_LANDparcels,4816,2316
267,Premium_2LANDSparcels,4800,-1344
268,Premium_2LANDSparcels,4800,1312
269,Deluxe_4LANDSparcels,4800,4790
270,Deluxe_4LANDSparcels,4800,-5130
271,Deluxe_4LANDSparcels,4800,4822
272,Deluxe_4LANDSparcels,4800,-5098
273,Deluxe_4LANDSparcels,4800,5066
274,Deluxe_4LANDSparcels,4800,-4854
275,Deluxe_4LANDSparcels,4800,5098
276,Deluxe_4LANDSparcels,4800,-4822
277,Exclusive_8LANDSparcels,4784,-832
278,Exclusive_8LANDSparcels,4784,800
279,Exclusive_8LANDSparcels,4784,736
280,Exclusive_8LANDSparcels,4784,-768
281,Deluxe_4LANDSparcels,4768,4790
282,Deluxe_4LANDSparcels,4768,-5130
283,Deluxe_4LANDSparcels,4768,4822
284,Deluxe_4LANDSparcels,4768,-5098
285,Deluxe_4LANDSparcels,4768,5066
286,Deluxe_4LANDSparcels,4768,-4854
287,Deluxe_4LANDSparcels,4768,5098
288,Deluxe_4LANDSparcels,4768,-4822
289,Premium_2LANDSparcels,4752,-3284
290,Premium_2LANDSparcels,4752,3252
291,Premium_2LANDSparcels,4752,6636
292,Premium_2LANDSparcels,4752,-6668
293,Exclusive_8LANDSparcels,4752,-832
294,Exclusive_8LANDSparcels,4752,800
295,Exclusive_8LANDSparcels,4752,-800
296,Exclusive_8LANDSparcels,4752,768
297,Exclusive_8LANDSparcels,4752,736
298,Exclusive_8LANDSparcels,4752,-768
299,Standard_LANDparcels,4736,-4288
300,Standard_LANDparcels,4736,5612
301,Standard_LANDparcels,4736,4276
302,Standard_LANDparcels,4736,-5664
303,Premium_2LANDSparcels,4720,-3284
304,Premium_2LANDSparcels,4720,3252
305,Premium_2LANDSparcels,4720,6636
306,Premium_2LANDSparcels,4720,-6668
307,Deluxe_4LANDSparcels,4656,-1232
308,Deluxe_4LANDSparcels,4656,1200
309,Deluxe_4LANDSparcels,4656,-1264
310,Deluxe_4LANDSparcels,4656,1232
311,Standard_LANDparcels,4640,-2252
312,Standard_LANDparcels,4640,2220
313,Premium_2LANDSparcels,4640,4716
314,Premium_2LANDSparcels,4640,-5204
315,Premium_2LANDSparcels,4640,5172
316,Premium_2LANDSparcels,4640,-4748
317,Deluxe_4LANDSparcels,4624,-1232
318,Deluxe_4LANDSparcels,4624,1200
319,Deluxe_4LANDSparcels,4624,-1264
320,Deluxe_4LANDSparcels,4624,1232
321,Premium_2LANDSparcels,4608,4716
322,Premium_2LANDSparcels,4608,-5204
323,Premium_2LANDSparcels,4608,5172
324,Premium_2LANDSparcels,4608,-4748
325,Deluxe_4LANDSparcels,4576,-3168
326,Deluxe_4LANDSparcels,4576,-3200
327,Deluxe_4LANDSparcels,4576,-6784
328,Deluxe_4LANDSparcels,4576,3136
329,Deluxe_4LANDSparcels,4576,6752
330,Deluxe_4LANDSparcels,4576,-6752
331,Deluxe_4LANDSparcels,4576,3168
332,Deluxe_4LANDSparcels,4576,6720
333,Standard_LANDparcels,4560,-4192
334,Standard_LANDparcels,4560,5708
335,Standard_LANDparcels,4560,4180
336,Standard_LANDparcels,4560,-5760
337,Deluxe_4LANDSparcels,4544,-3168
338,Deluxe_4LANDSparcels,4544,-3200
339,Deluxe_4LANDSparcels,4544,-6784
340,Deluxe_4LANDSparcels,4544,3136
341,Deluxe_4LANDSparcels,4544,6752
342,Deluxe_4LANDSparcels,4544,-6752
343,Deluxe_4LANDSparcels,4544,3168
344,Deluxe_4LANDSparcels,4544,6720
345,Exclusive_8LANDSparcels,4496,-1120
346,Exclusive_8LANDSparcels,4496,1088
347,Exclusive_8LANDSparcels,4496,-1152
348,Exclusive_8LANDSparcels,4496,1120
349,Exclusive_8LANDSparcels,4496,-1184
350,Exclusive_8LANDSparcels,4496,1152
351,Deluxe_4LANDSparcels,4480,-1328
352,Deluxe_4LANDSparcels,4480,1296
353,Deluxe_4LANDSparcels,4480,-1360
354,Deluxe_4LANDSparcels,4480,1328
355,Premium_2LANDSparcels,4480,-1536
356,Premium_2LANDSparcels,4480,1504
357,Premium_2LANDSparcels,4480,-176
358,Deluxe_4LANDSparcels,4480,0
359,Deluxe_4LANDSparcels,4480,-32
360,Premium_2LANDSparcels,4480,144
361,Exclusive_8LANDSparcels,4464,-1120
362,Exclusive_8LANDSparcels,4464,1088
363,Exclusive_8LANDSparcels,4464,-1184
364,Exclusive_8LANDSparcels,4464,1152
365,Standard_LANDparcels,4464,-1728
366,Standard_LANDparcels,4464,1696
367,Standard_LANDparcels,4464,-336
368,Standard_LANDparcels,4464,304
369,Standard_LANDparcels,4464,-1920
370,Standard_LANDparcels,4464,1888
371,Standard_LANDparcels,4464,-2112
372,Standard_LANDparcels,4464,2080
373,Standard_LANDparcels,4464,4624
374,Standard_LANDparcels,4464,-5296
375,Standard_LANDparcels,4464,5264
376,Standard_LANDparcels,4464,-4656
377,Deluxe_4LANDSparcels,4448,-1328
378,Deluxe_4LANDSparcels,4448,1296
379,Deluxe_4LANDSparcels,4448,-1360
380,Deluxe_4LANDSparcels,4448,1328
381,Premium_2LANDSparcels,4448,-1536
382,Premium_2LANDSparcels,4448,1504
383,Premium_2LANDSparcels,4448,-176
384,Deluxe_4LANDSparcels,4448,0
385,Deluxe_4LANDSparcels,4448,-32
386,Premium_2LANDSparcels,4448,144
387,Exclusive_8LANDSparcels,4432,-1120
388,Exclusive_8LANDSparcels,4432,1088
389,Exclusive_8LANDSparcels,4432,-1152
390,Exclusive_8LANDSparcels,4432,1120
391,Exclusive_8LANDSparcels,4432,-1184
392,Exclusive_8LANDSparcels,4432,1152
393,Exclusive_8LANDSparcels,4416,-3088
394,Exclusive_8LANDSparcels,4416,-3120
395,Exclusive_8LANDSparcels,4416,-3152
396,Exclusive_8LANDSparcels,4416,3056
397,Exclusive_8LANDSparcels,4416,6832
398,Exclusive_8LANDSparcels,4416,-6864
399,Exclusive_8LANDSparcels,4416,3088
400,Exclusive_8LANDSparcels,4416,6800
401,Exclusive_8LANDSparcels,4416,-6832
402,Exclusive_8LANDSparcels,4416,3120
403,Exclusive_8LANDSparcels,4416,6768
404,Exclusive_8LANDSparcels,4416,-6800
405,Deluxe_4LANDSparcels,4400,-3296
406,Deluxe_4LANDSparcels,4400,-3328
407,Premium_2LANDSparcels,4400,-3504
408,Premium_2LANDSparcels,4400,3472
409,Premium_2LANDSparcels,4400,6416
410,Premium_2LANDSparcels,4400,-6448
411,Deluxe_4LANDSparcels,4400,-6656
412,Deluxe_4LANDSparcels,4400,3264
413,Deluxe_4LANDSparcels,4400,6624
414,Deluxe_4LANDSparcels,4400,-6624
415,Deluxe_4LANDSparcels,4400,3296
416,Deluxe_4LANDSparcels,4400,6592
417,Exclusive_8LANDSparcels,4384,-3088
418,Exclusive_8LANDSparcels,4384,-3152
419,Standard_LANDparcels,4384,-3696
420,Standard_LANDparcels,4384,-3888
421,Standard_LANDparcels,4384,-4080
422,Exclusive_8LANDSparcels,4384,3056
423,Exclusive_8LANDSparcels,4384,6832
424,Exclusive_8LANDSparcels,4384,-6864
425,Exclusive_8LANDSparcels,4384,3120
426,Exclusive_8LANDSparcels,4384,6768
427,Exclusive_8LANDSparcels,4384,-6800
428,Standard_LANDparcels,4384,-5872
429,Standard_LANDparcels,4384,-6064
430,Standard_LANDparcels,4384,3856
431,Standard_LANDparcels,4384,6032
432,Standard_LANDparcels,4384,-6256
433,Standard_LANDparcels,4384,3664
434,Standard_LANDparcels,4384,6224
435,Deluxe_4LANDSparcels,4368,-3296
436,Deluxe_4LANDSparcels,4368,-3328
437,Premium_2LANDSparcels,4368,-3504
438,Premium_2LANDSparcels,4368,3472
439,Premium_2LANDSparcels,4368,6416
440,Premium_2LANDSparcels,4368,-6448
441,Deluxe_4LANDSparcels,4368,-6656
442,Deluxe_4LANDSparcels,4368,3264
443,Deluxe_4LANDSparcels,4368,6624
444,Deluxe_4LANDSparcels,4368,-6624
445,Deluxe_4LANDSparcels,4368,3296
446,Deluxe_4LANDSparcels,4368,6592
447,Exclusive_8LANDSparcels,4352,-3088
448,Exclusive_8LANDSparcels,4352,-3120
449,Exclusive_8LANDSparcels,4352,-3152
450,Exclusive_8LANDSparcels,4352,3056
451,Exclusive_8LANDSparcels,4352,6832
452,Exclusive_8LANDSparcels,4352,-6864
453,Exclusive_8LANDSparcels,4352,3088
454,Exclusive_8LANDSparcels,4352,6800
455,Exclusive_8LANDSparcels,4352,-6832
456,Exclusive_8LANDSparcels,4352,3120
457,Exclusive_8LANDSparcels,4352,6768
458,Exclusive_8LANDSparcels,4352,-6800
459,Standard_LANDparcels,4304,4524
460,Standard_LANDparcels,4304,-5396
461,Standard_LANDparcels,4304,5364
462,Standard_LANDparcels,4304,-4556
463,Standard_LANDparcels,4144,404
464,Standard_LANDparcels,4144,-436
465,Exclusive_8LANDSparcels,4096,-1904
466,Exclusive_8LANDSparcels,4096,-1872
467,Exclusive_8LANDSparcels,4096,-1840
468,Exclusive_8LANDSparcels,4096,1808
469,Exclusive_8LANDSparcels,4096,1840
470,Exclusive_8LANDSparcels,4096,1872
471,Deluxe_4LANDSparcels,4080,-1696
472,Deluxe_4LANDSparcels,4080,-1664
473,Premium_2LANDSparcels,4080,-1488
474,Deluxe_4LANDSparcels,4080,1632
475,Deluxe_4LANDSparcels,4080,1664
476,Premium_2LANDSparcels,4080,1456
477,Exclusive_8LANDSparcels,4064,-1904
478,Exclusive_8LANDSparcels,4064,-1840
479,Standard_LANDparcels,4064,-1296
480,Standard_LANDparcels,4064,-1104
481,Standard_LANDparcels,4064,1264
482,Standard_LANDparcels,4064,1072
483,Exclusive_8LANDSparcels,4064,1808
484,Exclusive_8LANDSparcels,4064,1872
485,Deluxe_4LANDSparcels,4048,-1696
486,Deluxe_4LANDSparcels,4048,-1664
487,Premium_2LANDSparcels,4048,-1488
488,Deluxe_4LANDSparcels,4048,1632
489,Deluxe_4LANDSparcels,4048,1664
490,Premium_2LANDSparcels,4048,1456
491,Exclusive_8LANDSparcels,4032,-1904
492,Exclusive_8LANDSparcels,4032,-1872
493,Exclusive_8LANDSparcels,4032,-1840
494,Exclusive_8LANDSparcels,4032,1808
495,Exclusive_8LANDSparcels,4032,1840
496,Exclusive_8LANDSparcels,4032,1872
497,Exclusive_8LANDSparcels,4016,6048
498,Exclusive_8LANDSparcels,4016,-3872
499,Exclusive_8LANDSparcels,4016,6080
500,Exclusive_8LANDSparcels,4016,-3840
501,Exclusive_8LANDSparcels,4016,6112
502,Exclusive_8LANDSparcels,4016,-3808
503,Exclusive_8LANDSparcels,4016,3776
504,Exclusive_8LANDSparcels,4016,-6144
505,Exclusive_8LANDSparcels,4016,3808
506,Exclusive_8LANDSparcels,4016,-6112
507,Exclusive_8LANDSparcels,4016,3840
508,Exclusive_8LANDSparcels,4016,-6080
509,Deluxe_4LANDSparcels,4000,6256
510,Deluxe_4LANDSparcels,4000,-3664
511,Deluxe_4LANDSparcels,4000,6288
512,Deluxe_4LANDSparcels,4000,-3632
513,Premium_2LANDSparcels,4000,6464
514,Premium_2LANDSparcels,4000,-3456
515,Premium_2LANDSparcels,4000,5104
516,Premium_2LANDSparcels,4000,-4816
517,Deluxe_4LANDSparcels,4000,4928
518,Deluxe_4LANDSparcels,4000,-4992
519,Deluxe_4LANDSparcels,4000,4960
520,Deluxe_4LANDSparcels,4000,-4960
521,Premium_2LANDSparcels,4000,4784
522,Premium_2LANDSparcels,4000,-5136
523,Premium_2LANDSparcels,4000,3424
524,Premium_2LANDSparcels,4000,-6496
525,Deluxe_4LANDSparcels,4000,3600
526,Deluxe_4LANDSparcels,4000,-6320
527,Deluxe_4LANDSparcels,4000,3632
528,Deluxe_4LANDSparcels,4000,-6288
529,Standard_LANDparcels,3984,304
530,Standard_LANDparcels,3984,-336
531,Exclusive_8LANDSparcels,3984,6048
532,Exclusive_8LANDSparcels,3984,-3872
533,Exclusive_8LANDSparcels,3984,6112
534,Exclusive_8LANDSparcels,3984,-3808
535,Standard_LANDparcels,3984,5264
536,Standard_LANDparcels,3984,-4656
537,Standard_LANDparcels,3984,4624
538,Standard_LANDparcels,3984,-5296
539,Standard_LANDparcels,3984,6656
540,Standard_LANDparcels,3984,-3264
541,Standard_LANDparcels,3984,6848
542,Standard_LANDparcels,3984,-3072
543,Standard_LANDparcels,3984,7040
544,Standard_LANDparcels,3984,-2880
545,Standard_LANDparcels,3984,3040
546,Standard_LANDparcels,3984,-6880
547,Standard_LANDparcels,3984,3232
548,Standard_LANDparcels,3984,-6688
549,Exclusive_8LANDSparcels,3984,3776
550,Exclusive_8LANDSparcels,3984,-6144
551,Exclusive_8LANDSparcels,3984,3840
552,Exclusive_8LANDSparcels,3984,-6080
553,Deluxe_4LANDSparcels,3968,6256
554,Deluxe_4LANDSparcels,3968,-3664
555,Deluxe_4LANDSparcels,3968,6288
556,Deluxe_4LANDSparcels,3968,-3632
557,Premium_2LANDSparcels,3968,6464
558,Premium_2LANDSparcels,3968,-3456
559,Premium_2LANDSparcels,3968,5104
560,Premium_2LANDSparcels,3968,-4816
561,Deluxe_4LANDSparcels,3968,4928
562,Deluxe_4LANDSparcels,3968,-4992
563,Deluxe_4LANDSparcels,3968,4960
564,Deluxe_4LANDSparcels,3968,-4960
565,Premium_2LANDSparcels,3968,4784
566,Premium_2LANDSparcels,3968,-5136
567,Premium_2LANDSparcels,3968,3424
568,Premium_2LANDSparcels,3968,-6496
569,Deluxe_4LANDSparcels,3968,3600
570,Deluxe_4LANDSparcels,3968,-6320
571,Deluxe_4LANDSparcels,3968,3632
572,Deluxe_4LANDSparcels,3968,-6288
573,Exclusive_8LANDSparcels,3952,6048
574,Exclusive_8LANDSparcels,3952,-3872
575,Exclusive_8LANDSparcels,3952,6080
576,Exclusive_8LANDSparcels,3952,-3840
577,Exclusive_8LANDSparcels,3952,6112
578,Exclusive_8LANDSparcels,3952,-3808
579,Exclusive_8LANDSparcels,3952,3776
580,Exclusive_8LANDSparcels,3952,-6144
581,Exclusive_8LANDSparcels,3952,3808
582,Exclusive_8LANDSparcels,3952,-6112
583,Exclusive_8LANDSparcels,3952,3840
584,Exclusive_8LANDSparcels,3952,-6080
585,Deluxe_4LANDSparcels,3904,-1824
586,Deluxe_4LANDSparcels,3904,-1792
587,Deluxe_4LANDSparcels,3904,1760
588,Deluxe_4LANDSparcels,3904,1792
589,Standard_LANDparcels,3888,-780
590,Standard_LANDparcels,3888,748
591,Deluxe_4LANDSparcels,3872,-1824
592,Deluxe_4LANDSparcels,3872,-1792
593,Deluxe_4LANDSparcels,3872,1760
594,Deluxe_4LANDSparcels,3872,1792
595,Premium_2LANDSparcels,3840,212
596,Premium_2LANDSparcels,3840,-244
597,Deluxe_4LANDSparcels,3824,-6184
598,Deluxe_4LANDSparcels,3824,-6152
599,Premium_2LANDSparcels,3808,212
600,Premium_2LANDSparcels,3808,-244
601,Standard_LANDparcels,3808,7180
602,Standard_LANDparcels,3808,-2740
603,Standard_LANDparcels,3808,2708
604,Deluxe_4LANDSparcels,3792,-6184
605,Deluxe_4LANDSparcels,3792,-6152
606,Premium_2LANDSparcels,3728,-1708
607,Premium_2LANDSparcels,3728,1676
608,Standard_LANDparcels,3712,-684
609,Standard_LANDparcels,3712,652
610,Premium_2LANDSparcels,3696,-1708
611,Premium_2LANDSparcels,3696,1676
612,Exclusive_8LANDSparcels,3696,4192
613,Exclusive_8LANDSparcels,3696,5696
614,Exclusive_8LANDSparcels,3696,-5728
615,Exclusive_8LANDSparcels,3696,-4224
616,Exclusive_8LANDSparcels,3696,4160
617,Exclusive_8LANDSparcels,3696,5728
618,Exclusive_8LANDSparcels,3696,-5760
619,Exclusive_8LANDSparcels,3696,-4192
620,Exclusive_8LANDSparcels,3696,4128
621,Exclusive_8LANDSparcels,3696,5760
622,Exclusive_8LANDSparcels,3696,-5792
623,Exclusive_8LANDSparcels,3696,-4160
624,Deluxe_4LANDSparcels,3680,138
625,Deluxe_4LANDSparcels,3680,106
626,Deluxe_4LANDSparcels,3680,-138
627,Deluxe_4LANDSparcels,3680,-170
628,Exclusive_8LANDSparcels,3664,4192
629,Exclusive_8LANDSparcels,3664,5696
630,Exclusive_8LANDSparcels,3664,-5728
631,Exclusive_8LANDSparcels,3664,-4224
632,Exclusive_8LANDSparcels,3664,4128
633,Exclusive_8LANDSparcels,3664,5760
634,Exclusive_8LANDSparcels,3664,-5792
635,Exclusive_8LANDSparcels,3664,-4160
636,Deluxe_4LANDSparcels,3648,138
637,Deluxe_4LANDSparcels,3648,106
638,Deluxe_4LANDSparcels,3648,-138
639,Deluxe_4LANDSparcels,3648,-170
640,Premium_2LANDSparcels,3648,-6264
641,Exclusive_8LANDSparcels,3632,4192
642,Exclusive_8LANDSparcels,3632,5696
643,Exclusive_8LANDSparcels,3632,-5728
644,Exclusive_8LANDSparcels,3632,-4224
645,Exclusive_8LANDSparcels,3632,4160
646,Exclusive_8LANDSparcels,3632,5728
647,Exclusive_8LANDSparcels,3632,-5760
648,Exclusive_8LANDSparcels,3632,-4192
649,Exclusive_8LANDSparcels,3632,4128
650,Exclusive_8LANDSparcels,3632,5760
651,Exclusive_8LANDSparcels,3632,-5792
652,Exclusive_8LANDSparcels,3632,-4160
653,Standard_LANDparcels,3632,7276
654,Standard_LANDparcels,3632,-2644
655,Standard_LANDparcels,3632,2612
656,Premium_2LANDSparcels,3616,-6264
657,Premium_2LANDSparcels,3552,-578
658,Premium_2LANDSparcels,3552,546
659,Standard_LANDparcels,3536,-1612
660,Standard_LANDparcels,3536,1580
661,Exclusive_8LANDSparcels,3526,16
662,Exclusive_8LANDSparcels,3526,-16
663,Exclusive_8LANDSparcels,3526,-48
664,Premium_2LANDSparcels,3520,-578
665,Premium_2LANDSparcels,3520,546
666,Deluxe_4LANDSparcels,3520,4096
667,Deluxe_4LANDSparcels,3520,5792
668,Deluxe_4LANDSparcels,3520,-5824
669,Deluxe_4LANDSparcels,3520,-4128
670,Deluxe_4LANDSparcels,3520,4064
671,Deluxe_4LANDSparcels,3520,5824
672,Deluxe_4LANDSparcels,3520,-5856
673,Deluxe_4LANDSparcels,3520,-4096
674,Exclusive_8LANDSparcels,3494,16
675,Exclusive_8LANDSparcels,3494,-48
676,Deluxe_4LANDSparcels,3488,4096
677,Deluxe_4LANDSparcels,3488,5792
678,Deluxe_4LANDSparcels,3488,-5824
679,Deluxe_4LANDSparcels,3488,-4128
680,Deluxe_4LANDSparcels,3488,4064
681,Deluxe_4LANDSparcels,3488,5824
682,Deluxe_4LANDSparcels,3488,-5856
683,Deluxe_4LANDSparcels,3488,-4096
684,Premium_2LANDSparcels,3472,7372
685,Premium_2LANDSparcels,3472,-2548
686,Premium_2LANDSparcels,3472,2516
687,Exclusive_8LANDSparcels,3462,16
688,Exclusive_8LANDSparcels,3462,-16
689,Exclusive_8LANDSparcels,3462,-48
690,Standard_LANDparcels,3456,-6360
691,Premium_2LANDSparcels,3440,7372
692,Premium_2LANDSparcels,3440,-2548
693,Premium_2LANDSparcels,3440,2516
694,Deluxe_4LANDSparcels,3376,-498
695,Deluxe_4LANDSparcels,3376,-466
696,Deluxe_4LANDSparcels,3376,434
697,Deluxe_4LANDSparcels,3376,466
698,Standard_LANDparcels,3360,-1516
699,Standard_LANDparcels,3360,1484
700,Premium_2LANDSparcels,3360,3970
701,Premium_2LANDSparcels,3360,5918
702,Premium_2LANDSparcels,3360,-5950
703,Premium_2LANDSparcels,3360,-4002
704,Deluxe_4LANDSparcels,3344,-498
705,Deluxe_4LANDSparcels,3344,-466
706,Deluxe_4LANDSparcels,3344,434
707,Deluxe_4LANDSparcels,3344,466
708,Premium_2LANDSparcels,3328,3970
709,Premium_2LANDSparcels,3328,5918
710,Premium_2LANDSparcels,3328,-5950
711,Premium_2LANDSparcels,3328,-4002
712,Deluxe_4LANDSparcels,3296,7456
713,Deluxe_4LANDSparcels,3296,-2464
714,Deluxe_4LANDSparcels,3296,7488
715,Deluxe_4LANDSparcels,3296,-2432
716,Deluxe_4LANDSparcels,3296,2400
717,Deluxe_4LANDSparcels,3296,2432
718,Standard_LANDparcels,3280,-6476
719,Deluxe_4LANDSparcels,3264,7456
720,Deluxe_4LANDSparcels,3264,-2464
721,Deluxe_4LANDSparcels,3264,7488
722,Deluxe_4LANDSparcels,3264,-2432
723,Deluxe_4LANDSparcels,3264,2400
724,Deluxe_4LANDSparcels,3264,2432
725,Exclusive_8LANDSparcels,3216,-448
726,Exclusive_8LANDSparcels,3216,-416
727,Exclusive_8LANDSparcels,3216,-384
728,Exclusive_8LANDSparcels,3216,352
729,Exclusive_8LANDSparcels,3216,384
730,Exclusive_8LANDSparcels,3216,416
731,Premium_2LANDSparcels,3200,-800
732,Deluxe_4LANDSparcels,3200,-624
733,Deluxe_4LANDSparcels,3200,-592
734,Deluxe_4LANDSparcels,3200,560
735,Deluxe_4LANDSparcels,3200,592
736,Premium_2LANDSparcels,3200,768
737,Standard_LANDparcels,3184,-1184
738,Standard_LANDparcels,3184,-992
739,Standard_LANDparcels,3184,1152
740,Standard_LANDparcels,3184,960
741,Exclusive_8LANDSparcels,3184,-448
742,Exclusive_8LANDSparcels,3184,-384
743,Exclusive_8LANDSparcels,3184,352
744,Exclusive_8LANDSparcels,3184,416
745,Standard_LANDparcels,3184,3888
746,Standard_LANDparcels,3184,6000
747,Standard_LANDparcels,3184,-6032
748,Standard_LANDparcels,3184,-3920
749,Premium_2LANDSparcels,3168,-800
750,Deluxe_4LANDSparcels,3168,-624
751,Deluxe_4LANDSparcels,3168,-592
752,Deluxe_4LANDSparcels,3168,560
753,Deluxe_4LANDSparcels,3168,592
754,Premium_2LANDSparcels,3168,768
755,Exclusive_8LANDSparcels,3152,-448
756,Exclusive_8LANDSparcels,3152,-416
757,Exclusive_8LANDSparcels,3152,-384
758,Exclusive_8LANDSparcels,3152,352
759,Exclusive_8LANDSparcels,3152,384
760,Exclusive_8LANDSparcels,3152,416
761,Exclusive_8LANDSparcels,3136,7504
762,Exclusive_8LANDSparcels,3136,-2416
763,Exclusive_8LANDSparcels,3136,7536
764,Exclusive_8LANDSparcels,3136,-2384
765,Exclusive_8LANDSparcels,3136,7568
766,Exclusive_8LANDSparcels,3136,-2352
767,Exclusive_8LANDSparcels,3136,2320
768,Exclusive_8LANDSparcels,3136,2352
769,Exclusive_8LANDSparcels,3136,2384
770,Deluxe_4LANDSparcels,3120,2528
771,Deluxe_4LANDSparcels,3120,2560
772,Premium_2LANDSparcels,3120,2736
773,Exclusive_8LANDSparcels,3104,7504
774,Exclusive_8LANDSparcels,3104,-2416
775,Exclusive_8LANDSparcels,3104,7568
776,Exclusive_8LANDSparcels,3104,-2352
777,Exclusive_8LANDSparcels,3104,2320
778,Exclusive_8LANDSparcels,3104,2384
779,Standard_LANDparcels,3104,2928
780,Standard_LANDparcels,3104,3120
781,Deluxe_4LANDSparcels,3088,2528
782,Deluxe_4LANDSparcels,3088,2560
783,Premium_2LANDSparcels,3088,2736
784,Exclusive_8LANDSparcels,3072,7504
785,Exclusive_8LANDSparcels,3072,-2416
786,Exclusive_8LANDSparcels,3072,7536
787,Exclusive_8LANDSparcels,3072,-2384
788,Exclusive_8LANDSparcels,3072,7568
789,Exclusive_8LANDSparcels,3072,-2352
790,Exclusive_8LANDSparcels,3072,2320
791,Exclusive_8LANDSparcels,3072,2352
792,Exclusive_8LANDSparcels,3072,2384
793,Standard_LANDparcels,3024,3808
794,Standard_LANDparcels,3024,6080
795,Standard_LANDparcels,3024,-6112
796,Standard_LANDparcels,3024,-3840
797,Standard_LANDparcels,2864,3709
798,Standard_LANDparcels,2864,6179
799,Standard_LANDparcels,2864,-6211
800,Standard_LANDparcels,2864,-3741
801,Standard_LANDparcels,2704,3808
802,Standard_LANDparcels,2704,6080
803,Standard_LANDparcels,2704,-6112
804,Standard_LANDparcels,2704,-3840
805,Exclusive_8LANDSparcels,2656,7504
806,Exclusive_8LANDSparcels,2656,-2416
807,Exclusive_8LANDSparcels,2656,7536
808,Exclusive_8LANDSparcels,2656,-2384
809,Exclusive_8LANDSparcels,2656,7568
810,Exclusive_8LANDSparcels,2656,-2352
811,Exclusive_8LANDSparcels,2656,2384
812,Exclusive_8LANDSparcels,2656,2352
813,Exclusive_8LANDSparcels,2656,2320
814,Exclusive_8LANDSparcels,2624,7504
815,Exclusive_8LANDSparcels,2624,-2416
816,Exclusive_8LANDSparcels,2624,7568
817,Exclusive_8LANDSparcels,2624,-2352
818,Standard_LANDparcels,2624,3312
819,Exclusive_8LANDSparcels,2624,2384
820,Exclusive_8LANDSparcels,2624,2320
821,Exclusive_8LANDSparcels,2592,7504
822,Exclusive_8LANDSparcels,2592,-2416
823,Exclusive_8LANDSparcels,2592,7536
824,Exclusive_8LANDSparcels,2592,-2384
825,Exclusive_8LANDSparcels,2592,7568
826,Exclusive_8LANDSparcels,2592,-2352
827,Exclusive_8LANDSparcels,2592,2384
828,Exclusive_8LANDSparcels,2592,2352
829,Exclusive_8LANDSparcels,2592,2320
830,Standard_LANDparcels,2544,3888
831,Standard_LANDparcels,2544,6000
832,Standard_LANDparcels,2544,-6032
833,Standard_LANDparcels,2544,-3920
834,Deluxe_4LANDSparcels,2464,7456
835,Deluxe_4LANDSparcels,2464,-2464
836,Deluxe_4LANDSparcels,2464,7488
837,Deluxe_4LANDSparcels,2464,-2432
838,Deluxe_4LANDSparcels,2464,2432
839,Deluxe_4LANDSparcels,2464,2400
840,Standard_LANDparcels,2448,3424
841,Deluxe_4LANDSparcels,2432,7456
842,Deluxe_4LANDSparcels,2432,-2464
843,Deluxe_4LANDSparcels,2432,7488
844,Deluxe_4LANDSparcels,2432,-2432
845,Deluxe_4LANDSparcels,2432,2432
846,Deluxe_4LANDSparcels,2432,2400
847,Exclusive_8LANDSparcels,2416,-448
848,Exclusive_8LANDSparcels,2416,416
849,Exclusive_8LANDSparcels,2416,-416
850,Exclusive_8LANDSparcels,2416,384
851,Exclusive_8LANDSparcels,2416,-384
852,Exclusive_8LANDSparcels,2416,352
853,Premium_2LANDSparcels,2400,3970
854,Premium_2LANDSparcels,2400,5918
855,Premium_2LANDSparcels,2400,-5950
856,Premium_2LANDSparcels,2400,-4002
857,Premium_2LANDSparcels,2400,-800
858,Premium_2LANDSparcels,2400,768
859,Deluxe_4LANDSparcels,2400,-624
860,Deluxe_4LANDSparcels,2400,592
861,Deluxe_4LANDSparcels,2400,-592
862,Deluxe_4LANDSparcels,2400,560
863,Exclusive_8LANDSparcels,2384,-448
864,Exclusive_8LANDSparcels,2384,416
865,Exclusive_8LANDSparcels,2384,-384
866,Exclusive_8LANDSparcels,2384,352
867,Standard_LANDparcels,2384,-992
868,Standard_LANDparcels,2384,960
869,Standard_LANDparcels,2384,-1184
870,Standard_LANDparcels,2384,1152
871,Premium_2LANDSparcels,2368,3970
872,Premium_2LANDSparcels,2368,5918
873,Premium_2LANDSparcels,2368,-5950
874,Premium_2LANDSparcels,2368,-4002
875,Premium_2LANDSparcels,2368,-800
876,Premium_2LANDSparcels,2368,768
877,Deluxe_4LANDSparcels,2368,-624
878,Deluxe_4LANDSparcels,2368,592
879,Deluxe_4LANDSparcels,2368,-592
880,Deluxe_4LANDSparcels,2368,560
881,Exclusive_8LANDSparcels,2352,-448
882,Exclusive_8LANDSparcels,2352,416
883,Exclusive_8LANDSparcels,2352,-416
884,Exclusive_8LANDSparcels,2352,384
885,Exclusive_8LANDSparcels,2352,-384
886,Exclusive_8LANDSparcels,2352,352
887,Premium_2LANDSparcels,2288,7372
888,Premium_2LANDSparcels,2288,-2548
889,Premium_2LANDSparcels,2288,2516
890,Standard_LANDparcels,2272,3520
891,Premium_2LANDSparcels,2256,7372
892,Premium_2LANDSparcels,2256,-2548
893,Premium_2LANDSparcels,2256,2516
894,Deluxe_4LANDSparcels,2240,4064
895,Deluxe_4LANDSparcels,2240,5824
896,Deluxe_4LANDSparcels,2240,-5856
897,Deluxe_4LANDSparcels,2240,-4096
898,Deluxe_4LANDSparcels,2240,4096
899,Deluxe_4LANDSparcels,2240,5792
900,Deluxe_4LANDSparcels,2240,-5824
901,Deluxe_4LANDSparcels,2240,-4128
902,Deluxe_4LANDSparcels,2224,-498
903,Deluxe_4LANDSparcels,2224,466
904,Deluxe_4LANDSparcels,2224,-466
905,Deluxe_4LANDSparcels,2224,434
906,Deluxe_4LANDSparcels,2208,4064
907,Deluxe_4LANDSparcels,2208,5824
908,Deluxe_4LANDSparcels,2208,-5856
909,Deluxe_4LANDSparcels,2208,-4096
910,Deluxe_4LANDSparcels,2208,4096
911,Deluxe_4LANDSparcels,2208,5792
912,Deluxe_4LANDSparcels,2208,-5824
913,Deluxe_4LANDSparcels,2208,-4128
914,Deluxe_4LANDSparcels,2192,-498
915,Deluxe_4LANDSparcels,2192,466
916,Deluxe_4LANDSparcels,2192,-466
917,Deluxe_4LANDSparcels,2192,434
918,Premium_2LANDSparcels,2112,3616
919,Exclusive_8LANDSparcels,2106,-48
920,Exclusive_8LANDSparcels,2106,-16
921,Exclusive_8LANDSparcels,2106,16
922,Exclusive_8LANDSparcels,2096,4126
923,Exclusive_8LANDSparcels,2096,5762
924,Exclusive_8LANDSparcels,2096,-5794
925,Exclusive_8LANDSparcels,2096,-4158
926,Exclusive_8LANDSparcels,2096,4158
927,Exclusive_8LANDSparcels,2096,5730
928,Exclusive_8LANDSparcels,2096,-5762
929,Exclusive_8LANDSparcels,2096,-4190
930,Exclusive_8LANDSparcels,2096,4190
931,Exclusive_8LANDSparcels,2096,5698
932,Exclusive_8LANDSparcels,2096,-5730
933,Exclusive_8LANDSparcels,2096,-4222
934,Standard_LANDparcels,2096,7276
935,Standard_LANDparcels,2096,-2644
936,Standard_LANDparcels,2096,2612
937,Premium_2LANDSparcels,2080,3616
938,Exclusive_8LANDSparcels,2074,-48
939,Exclusive_8LANDSparcels,2074,16
940,Exclusive_8LANDSparcels,2064,4126
941,Exclusive_8LANDSparcels,2064,5762
942,Exclusive_8LANDSparcels,2064,-5794
943,Exclusive_8LANDSparcels,2064,-4158
944,Exclusive_8LANDSparcels,2064,4190
945,Exclusive_8LANDSparcels,2064,5698
946,Exclusive_8LANDSparcels,2064,-5730
947,Exclusive_8LANDSparcels,2064,-4222
948,Premium_2LANDSparcels,2048,-578
949,Premium_2LANDSparcels,2048,546
950,Exclusive_8LANDSparcels,2042,-48
951,Exclusive_8LANDSparcels,2042,-16
952,Exclusive_8LANDSparcels,2042,16
953,Exclusive_8LANDSparcels,2032,5762
954,Exclusive_8LANDSparcels,2032,4126
955,Exclusive_8LANDSparcels,2032,-4158
956,Exclusive_8LANDSparcels,2032,-5794
957,Exclusive_8LANDSparcels,2032,5730
958,Exclusive_8LANDSparcels,2032,4158
959,Exclusive_8LANDSparcels,2032,-4190
960,Exclusive_8LANDSparcels,2032,-5762
961,Exclusive_8LANDSparcels,2032,5698
962,Exclusive_8LANDSparcels,2032,4190
963,Exclusive_8LANDSparcels,2032,-4222
964,Exclusive_8LANDSparcels,2032,-5730
965,Premium_2LANDSparcels,2016,-578
966,Premium_2LANDSparcels,2016,546
967,Deluxe_4LANDSparcels,1936,3728
968,Deluxe_4LANDSparcels,1936,3696
969,Deluxe_4LANDSparcels,1920,-170
970,Deluxe_4LANDSparcels,1920,-138
971,Deluxe_4LANDSparcels,1920,106
972,Deluxe_4LANDSparcels,1920,138
973,Standard_LANDparcels,1920,7180
974,Standard_LANDparcels,1920,-2740
975,Standard_LANDparcels,1920,2708
976,Deluxe_4LANDSparcels,1904,3728
977,Deluxe_4LANDSparcels,1904,3696
978,Deluxe_4LANDSparcels,1888,-170
979,Deluxe_4LANDSparcels,1888,-138
980,Deluxe_4LANDSparcels,1888,106
981,Deluxe_4LANDSparcels,1888,138
982,Standard_LANDparcels,1856,-684
983,Standard_LANDparcels,1856,652
984,Exclusive_8LANDSparcels,1776,6048
985,Exclusive_8LANDSparcels,1776,-3872
986,Exclusive_8LANDSparcels,1776,6080
987,Exclusive_8LANDSparcels,1776,-3840
988,Exclusive_8LANDSparcels,1776,6112
989,Exclusive_8LANDSparcels,1776,-3808
990,Exclusive_8LANDSparcels,1776,3840
991,Exclusive_8LANDSparcels,1776,3808
992,Exclusive_8LANDSparcels,1776,3776
993,Deluxe_4LANDSparcels,1760,6256
994,Deluxe_4LANDSparcels,1760,-3664
995,Deluxe_4LANDSparcels,1760,6288
996,Deluxe_4LANDSparcels,1760,-3632
997,Premium_2LANDSparcels,1760,6464
998,Premium_2LANDSparcels,1760,-3456
999,Premium_2LANDSparcels,1760,-244
1000,Premium_2LANDSparcels,1760,212
1001,Premium_2LANDSparcels,1760,4784
1002,Premium_2LANDSparcels,1760,-5136
1003,Deluxe_4LANDSparcels,1760,4960
1004,Deluxe_4LANDSparcels,1760,-4960
1005,Deluxe_4LANDSparcels,1760,4928
1006,Deluxe_4LANDSparcels,1760,-4992
1007,Premium_2LANDSparcels,1760,5104
1008,Premium_2LANDSparcels,1760,-4816
1009,Deluxe_4LANDSparcels,1760,3632
1010,Deluxe_4LANDSparcels,1760,3600
1011,Premium_2LANDSparcels,1760,3424
1012,Exclusive_8LANDSparcels,1744,6048
1013,Exclusive_8LANDSparcels,1744,-3872
1014,Exclusive_8LANDSparcels,1744,6112
1015,Exclusive_8LANDSparcels,1744,-3808
1016,Standard_LANDparcels,1744,6656
1017,Standard_LANDparcels,1744,-3264
1018,Standard_LANDparcels,1744,4624
1019,Standard_LANDparcels,1744,-5296
1020,Standard_LANDparcels,1744,5264
1021,Standard_LANDparcels,1744,-4656
1022,Standard_LANDparcels,1744,6848
1023,Standard_LANDparcels,1744,-3072
1024,Standard_LANDparcels,1744,7040
1025,Standard_LANDparcels,1744,-2880
1026,Exclusive_8LANDSparcels,1744,3840
1027,Exclusive_8LANDSparcels,1744,3776
1028,Standard_LANDparcels,1744,3232
1029,Standard_LANDparcels,1744,3040
1030,Standard_LANDparcels,1744,2848
1031,Deluxe_4LANDSparcels,1728,6256
1032,Deluxe_4LANDSparcels,1728,-3664
1033,Deluxe_4LANDSparcels,1728,6288
1034,Deluxe_4LANDSparcels,1728,-3632
1035,Premium_2LANDSparcels,1728,6464
1036,Premium_2LANDSparcels,1728,-3456
1037,Premium_2LANDSparcels,1728,-244
1038,Premium_2LANDSparcels,1728,212
1039,Premium_2LANDSparcels,1728,4784
1040,Premium_2LANDSparcels,1728,-5136
1041,Deluxe_4LANDSparcels,1728,4960
1042,Deluxe_4LANDSparcels,1728,-4960
1043,Deluxe_4LANDSparcels,1728,4928
1044,Deluxe_4LANDSparcels,1728,-4992
1045,Premium_2LANDSparcels,1728,5104
1046,Premium_2LANDSparcels,1728,-4816
1047,Deluxe_4LANDSparcels,1728,3632
1048,Deluxe_4LANDSparcels,1728,3600
1049,Premium_2LANDSparcels,1728,3424
1050,Exclusive_8LANDSparcels,1712,6048
1051,Exclusive_8LANDSparcels,1712,-3872
1052,Exclusive_8LANDSparcels,1712,6080
1053,Exclusive_8LANDSparcels,1712,-3840
1054,Exclusive_8LANDSparcels,1712,6112
1055,Exclusive_8LANDSparcels,1712,-3808
1056,Exclusive_8LANDSparcels,1712,3840
1057,Exclusive_8LANDSparcels,1712,3808
1058,Exclusive_8LANDSparcels,1712,3776
1059,Standard_LANDparcels,1680,-780
1060,Standard_LANDparcels,1680,748
1061,Standard_LANDparcels,1584,-336
1062,Standard_LANDparcels,1584,304
1063,Standard_LANDparcels,1424,-4556
1064,Standard_LANDparcels,1424,-5396
1065,Standard_LANDparcels,1424,-436
1066,Standard_LANDparcels,1424,404
1067,Exclusive_8LANDSparcels,1376,-3152
1068,Exclusive_8LANDSparcels,1376,-3120
1069,Exclusive_8LANDSparcels,1376,-3088
1070,Deluxe_4LANDSparcels,1360,-3328
1071,Deluxe_4LANDSparcels,1360,-3296
1072,Premium_2LANDSparcels,1360,-3504
1073,Standard_LANDparcels,1344,-3696
1074,Standard_LANDparcels,1344,-3888
1075,Exclusive_8LANDSparcels,1344,-3152
1076,Exclusive_8LANDSparcels,1344,-3088
1077,Deluxe_4LANDSparcels,1328,-3328
1078,Deluxe_4LANDSparcels,1328,-3296
1079,Premium_2LANDSparcels,1328,-3504
1080,Exclusive_8LANDSparcels,1312,-3152
1081,Exclusive_8LANDSparcels,1312,-3120
1082,Exclusive_8LANDSparcels,1312,-3088
1083,Standard_LANDparcels,1264,-4656
1084,Standard_LANDparcels,1264,-5296
1085,Deluxe_4LANDSparcels,1184,-3200
1086,Deluxe_4LANDSparcels,1184,-3168
1087,Standard_LANDparcels,1168,-4212
1088,Deluxe_4LANDSparcels,1152,-3200
1089,Deluxe_4LANDSparcels,1152,-3168
1090,Exclusive_8LANDSparcels,1136,1088
1091,Exclusive_8LANDSparcels,1136,-1120
1092,Exclusive_8LANDSparcels,1136,1120
1093,Exclusive_8LANDSparcels,1136,-1152
1094,Exclusive_8LANDSparcels,1136,1152
1095,Exclusive_8LANDSparcels,1136,-1184
1096,Premium_2LANDSparcels,1120,144
1097,Deluxe_4LANDSparcels,1120,-32
1098,Deluxe_4LANDSparcels,1120,0
1099,Premium_2LANDSparcels,1120,-176
1100,Premium_2LANDSparcels,1120,-4748
1101,Premium_2LANDSparcels,1120,-5204
1102,Deluxe_4LANDSparcels,1120,1296
1103,Deluxe_4LANDSparcels,1120,-1328
1104,Deluxe_4LANDSparcels,1120,1328
1105,Deluxe_4LANDSparcels,1120,-1360
1106,Premium_2LANDSparcels,1120,1504
1107,Premium_2LANDSparcels,1120,-1536
1108,Standard_LANDparcels,1104,304
1109,Standard_LANDparcels,1104,-336
1110,Exclusive_8LANDSparcels,1104,1088
1111,Exclusive_8LANDSparcels,1104,-1120
1112,Exclusive_8LANDSparcels,1104,1152
1113,Exclusive_8LANDSparcels,1104,-1184
1114,Standard_LANDparcels,1104,1696
1115,Standard_LANDparcels,1104,-1728
1116,Standard_LANDparcels,1104,1888
1117,Standard_LANDparcels,1104,-1920
1118,Standard_LANDparcels,1104,2080
1119,Standard_LANDparcels,1104,-2112
1120,Premium_2LANDSparcels,1088,144
1121,Deluxe_4LANDSparcels,1088,-32
1122,Deluxe_4LANDSparcels,1088,0
1123,Premium_2LANDSparcels,1088,-176
1124,Premium_2LANDSparcels,1088,-4748
1125,Premium_2LANDSparcels,1088,-5204
1126,Deluxe_4LANDSparcels,1088,1296
1127,Deluxe_4LANDSparcels,1088,-1328
1128,Deluxe_4LANDSparcels,1088,1328
1129,Deluxe_4LANDSparcels,1088,-1360
1130,Premium_2LANDSparcels,1088,1504
1131,Premium_2LANDSparcels,1088,-1536
1132,Exclusive_8LANDSparcels,1072,1088
1133,Exclusive_8LANDSparcels,1072,-1120
1134,Exclusive_8LANDSparcels,1072,1120
1135,Exclusive_8LANDSparcels,1072,-1152
1136,Exclusive_8LANDSparcels,1072,1152
1137,Exclusive_8LANDSparcels,1072,-1184
1138,Premium_2LANDSparcels,1008,-3284
1139,Standard_LANDparcels,992,-4308
1140,Premium_2LANDSparcels,976,-3284
1141,Deluxe_4LANDSparcels,960,-4822
1142,Deluxe_4LANDSparcels,960,-4854
1143,Deluxe_4LANDSparcels,960,-5098
1144,Deluxe_4LANDSparcels,960,-5130
1145,Deluxe_4LANDSparcels,928,-4822
1146,Deluxe_4LANDSparcels,928,-4854
1147,Deluxe_4LANDSparcels,928,-5098
1148,Deluxe_4LANDSparcels,928,-5130
1149,Standard_LANDparcels,928,2220
1150,Standard_LANDparcels,928,-2252
1151,Premium_2LANDSparcels,832,-4414
1152,Standard_LANDparcels,816,-3380
1153,Exclusive_8LANDSparcels,816,-768
1154,Exclusive_8LANDSparcels,816,736
1155,Exclusive_8LANDSparcels,816,-800
1156,Exclusive_8LANDSparcels,816,768
1157,Exclusive_8LANDSparcels,816,-832
1158,Exclusive_8LANDSparcels,816,800
1159,Exclusive_8LANDSparcels,806,-4944
1160,Exclusive_8LANDSparcels,806,-4976
1161,Exclusive_8LANDSparcels,806,-5008
1162,Premium_2LANDSparcels,800,-4414
1163,Exclusive_8LANDSparcels,784,-768
1164,Exclusive_8LANDSparcels,784,736
1165,Exclusive_8LANDSparcels,784,-832
1166,Exclusive_8LANDSparcels,784,800
1167,Exclusive_8LANDSparcels,774,-4944
1168,Exclusive_8LANDSparcels,774,-5008
1169,Exclusive_8LANDSparcels,752,-768
1170,Exclusive_8LANDSparcels,752,736
1171,Exclusive_8LANDSparcels,752,-800
1172,Exclusive_8LANDSparcels,752,768
1173,Exclusive_8LANDSparcels,752,-832
1174,Exclusive_8LANDSparcels,752,800
1175,Standard_LANDparcels,752,2316
1176,Standard_LANDparcels,752,-2348
1177,Exclusive_8LANDSparcels,742,-4944
1178,Exclusive_8LANDSparcels,742,-4976
1179,Exclusive_8LANDSparcels,742,-5008
1180,Deluxe_4LANDSparcels,656,-4526
1181,Deluxe_4LANDSparcels,656,-4494
1182,Standard_LANDparcels,640,-3476
1183,Deluxe_4LANDSparcels,640,-864
1184,Deluxe_4LANDSparcels,640,832
1185,Deluxe_4LANDSparcels,640,-896
1186,Deluxe_4LANDSparcels,640,864
1187,Deluxe_4LANDSparcels,624,-4526
1188,Deluxe_4LANDSparcels,624,-4494
1189,Deluxe_4LANDSparcels,608,-864
1190,Deluxe_4LANDSparcels,608,832
1191,Deluxe_4LANDSparcels,608,-896
1192,Deluxe_4LANDSparcels,608,864
1193,Premium_2LANDSparcels,592,2412
1194,Premium_2LANDSparcels,592,-2444
1195,Premium_2LANDSparcels,560,2412
1196,Premium_2LANDSparcels,560,-2444
1197,Exclusive_8LANDSparcels,496,-4608
1198,Exclusive_8LANDSparcels,496,-4576
1199,Exclusive_8LANDSparcels,496,-4544
1200,Deluxe_4LANDSparcels,480,-4400
1201,Deluxe_4LANDSparcels,480,-4368
1202,Premium_2LANDSparcels,480,-4192
1203,Premium_2LANDSparcels,480,958
1204,Premium_2LANDSparcels,480,-990
1205,Standard_LANDparcels,464,-3808
1206,Standard_LANDparcels,464,-4000
1207,Exclusive_8LANDSparcels,464,-4608
1208,Exclusive_8LANDSparcels,464,-4544
1209,Deluxe_4LANDSparcels,448,-4400
1210,Deluxe_4LANDSparcels,448,-4368
1211,Premium_2LANDSparcels,448,-4192
1212,Premium_2LANDSparcels,448,958
1213,Premium_2LANDSparcels,448,-990
1214,Exclusive_8LANDSparcels,432,-4608
1215,Exclusive_8LANDSparcels,432,-4576
1216,Exclusive_8LANDSparcels,432,-4544
1217,Deluxe_4LANDSparcels,416,2496
1218,Deluxe_4LANDSparcels,416,-2528
1219,Deluxe_4LANDSparcels,416,2528
1220,Deluxe_4LANDSparcels,416,-2560
1221,Deluxe_4LANDSparcels,384,2496
1222,Deluxe_4LANDSparcels,384,-2528
1223,Deluxe_4LANDSparcels,384,2528
1224,Deluxe_4LANDSparcels,384,-2560
1225,Standard_LANDparcels,304,1040
1226,Standard_LANDparcels,304,-1072
1227,Exclusive_8LANDSparcels,256,2544
1228,Exclusive_8LANDSparcels,256,-2576
1229,Exclusive_8LANDSparcels,256,2576
1230,Exclusive_8LANDSparcels,256,-2608
1231,Exclusive_8LANDSparcels,256,2608
1232,Exclusive_8LANDSparcels,256,-2640
1233,Exclusive_8LANDSparcels,224,2544
1234,Exclusive_8LANDSparcels,224,-2576
1235,Exclusive_8LANDSparcels,224,2608
1236,Exclusive_8LANDSparcels,224,-2640
1237,Exclusive_8LANDSparcels,192,2544
1238,Exclusive_8LANDSparcels,192,-2576
1239,Exclusive_8LANDSparcels,192,2576
1240,Exclusive_8LANDSparcels,192,-2608
1241,Exclusive_8LANDSparcels,192,2608
1242,Exclusive_8LANDSparcels,192,-2640
1243,Standard_LANDparcels,144,1120
1244,Standard_LANDparcels,144,-1152
1245,Standard_LANDparcels,-16,1219
1246,Standard_LANDparcels,-16,-1251
1247,Standard_LANDparcels,-176,1120
1248,Standard_LANDparcels,-176,-1152
1249,Exclusive_8LANDSparcels,-224,2544
1250,Exclusive_8LANDSparcels,-224,-2576
1251,Exclusive_8LANDSparcels,-224,2576
1252,Exclusive_8LANDSparcels,-224,-2608
1253,Exclusive_8LANDSparcels,-224,2608
1254,Exclusive_8LANDSparcels,-224,-2640
1255,Exclusive_8LANDSparcels,-256,2544
1256,Exclusive_8LANDSparcels,-256,-2576
1257,Exclusive_8LANDSparcels,-256,2608
1258,Exclusive_8LANDSparcels,-256,-2640
1259,Exclusive_8LANDSparcels,-288,2544
1260,Exclusive_8LANDSparcels,-288,-2576
1261,Exclusive_8LANDSparcels,-288,2576
1262,Exclusive_8LANDSparcels,-288,-2608
1263,Exclusive_8LANDSparcels,-288,2608
1264,Exclusive_8LANDSparcels,-288,-2640
1265,Standard_LANDparcels,-336,1040
1266,Standard_LANDparcels,-336,-1072
1267,Deluxe_4LANDSparcels,-416,2496
1268,Deluxe_4LANDSparcels,-416,-2528
1269,Deluxe_4LANDSparcels,-416,2528
1270,Deluxe_4LANDSparcels,-416,-2560
1271,Deluxe_4LANDSparcels,-448,2496
1272,Deluxe_4LANDSparcels,-448,-2528
1273,Deluxe_4LANDSparcels,-448,2528
1274,Deluxe_4LANDSparcels,-448,-2560
1275,Exclusive_8LANDSparcels,-464,4512
1276,Exclusive_8LANDSparcels,-464,4544
1277,Exclusive_8LANDSparcels,-464,4576
1278,Premium_2LANDSparcels,-480,4160
1279,Deluxe_4LANDSparcels,-480,4336
1280,Deluxe_4LANDSparcels,-480,4368
1281,Premium_2LANDSparcels,-480,958
1282,Premium_2LANDSparcels,-480,-990
1283,Exclusive_8LANDSparcels,-496,4512
1284,Exclusive_8LANDSparcels,-496,4576
1285,Standard_LANDparcels,-496,3968
1286,Standard_LANDparcels,-496,3776
1287,Premium_2LANDSparcels,-512,4160
1288,Deluxe_4LANDSparcels,-512,4336
1289,Deluxe_4LANDSparcels,-512,4368
1290,Premium_2LANDSparcels,-512,958
1291,Premium_2LANDSparcels,-512,-990
1292,Exclusive_8LANDSparcels,-528,4512
1293,Exclusive_8LANDSparcels,-528,4544
1294,Exclusive_8LANDSparcels,-528,4576
1295,Premium_2LANDSparcels,-592,2412
1296,Premium_2LANDSparcels,-592,-2444
1297,Premium_2LANDSparcels,-624,2412
1298,Premium_2LANDSparcels,-624,-2444
1299,Deluxe_4LANDSparcels,-640,-896
1300,Deluxe_4LANDSparcels,-640,864
1301,Deluxe_4LANDSparcels,-640,-864
1302,Deluxe_4LANDSparcels,-640,832
1303,Deluxe_4LANDSparcels,-656,4462
1304,Deluxe_4LANDSparcels,-656,4494
1305,Standard_LANDparcels,-672,3444
1306,Deluxe_4LANDSparcels,-672,-896
1307,Deluxe_4LANDSparcels,-672,864
1308,Deluxe_4LANDSparcels,-672,-864
1309,Deluxe_4LANDSparcels,-672,832
1310,Deluxe_4LANDSparcels,-688,4462
1311,Deluxe_4LANDSparcels,-688,4494
1312,Exclusive_8LANDSparcels,-774,4976
1313,Exclusive_8LANDSparcels,-774,4944
1314,Exclusive_8LANDSparcels,-774,4912
1315,Exclusive_8LANDSparcels,-784,-834
1316,Exclusive_8LANDSparcels,-784,802
1317,Exclusive_8LANDSparcels,-784,-802
1318,Exclusive_8LANDSparcels,-784,770
1319,Exclusive_8LANDSparcels,-784,-770
1320,Exclusive_8LANDSparcels,-784,738
1321,Standard_LANDparcels,-784,2316
1322,Standard_LANDparcels,-784,-2348
1323,Exclusive_8LANDSparcels,-806,4976
1324,Exclusive_8LANDSparcels,-806,4912
1325,Exclusive_8LANDSparcels,-816,-834
1326,Exclusive_8LANDSparcels,-816,802
1327,Exclusive_8LANDSparcels,-816,-770
1328,Exclusive_8LANDSparcels,-816,738
1329,Premium_2LANDSparcels,-832,4382
1330,Exclusive_8LANDSparcels,-838,4976
1331,Exclusive_8LANDSparcels,-838,4944
1332,Exclusive_8LANDSparcels,-838,4912
1333,Standard_LANDparcels,-848,3348
1334,Exclusive_8LANDSparcels,-848,-834
1335,Exclusive_8LANDSparcels,-848,802
1336,Exclusive_8LANDSparcels,-848,-802
1337,Exclusive_8LANDSparcels,-848,770
1338,Exclusive_8LANDSparcels,-848,-770
1339,Exclusive_8LANDSparcels,-848,738
1340,Premium_2LANDSparcels,-864,4382
1341,Deluxe_4LANDSparcels,-960,5098
1342,Deluxe_4LANDSparcels,-960,5066
1343,Deluxe_4LANDSparcels,-960,4822
1344,Deluxe_4LANDSparcels,-960,4790
1345,Standard_LANDparcels,-960,2220
1346,Standard_LANDparcels,-960,-2252
1347,Deluxe_4LANDSparcels,-992,5098
1348,Deluxe_4LANDSparcels,-992,5066
1349,Deluxe_4LANDSparcels,-992,4822
1350,Deluxe_4LANDSparcels,-992,4790
1351,Premium_2LANDSparcels,-1008,3252
1352,Standard_LANDparcels,-1024,4276
1353,Premium_2LANDSparcels,-1040,3252
1354,Exclusive_8LANDSparcels,-1104,1088
1355,Exclusive_8LANDSparcels,-1104,-1120
1356,Exclusive_8LANDSparcels,-1104,1120
1357,Exclusive_8LANDSparcels,-1104,-1152
1358,Exclusive_8LANDSparcels,-1104,1152
1359,Exclusive_8LANDSparcels,-1104,-1184
1360,Premium_2LANDSparcels,-1120,-176
1361,Deluxe_4LANDSparcels,-1120,0
1362,Deluxe_4LANDSparcels,-1120,-32
1363,Premium_2LANDSparcels,-1120,144
1364,Deluxe_4LANDSparcels,-1120,1296
1365,Deluxe_4LANDSparcels,-1120,-1328
1366,Deluxe_4LANDSparcels,-1120,1328
1367,Deluxe_4LANDSparcels,-1120,-1360
1368,Premium_2LANDSparcels,-1120,1504
1369,Premium_2LANDSparcels,-1120,-1536
1370,Premium_2LANDSparcels,-1120,5172
1371,Premium_2LANDSparcels,-1120,4716
1372,Standard_LANDparcels,-1136,-336
1373,Standard_LANDparcels,-1136,304
1374,Exclusive_8LANDSparcels,-1136,1088
1375,Exclusive_8LANDSparcels,-1136,-1120
1376,Exclusive_8LANDSparcels,-1136,1152
1377,Exclusive_8LANDSparcels,-1136,-1184
1378,Standard_LANDparcels,-1136,1696
1379,Standard_LANDparcels,-1136,-1728
1380,Standard_LANDparcels,-1136,1888
1381,Standard_LANDparcels,-1136,-1920
1382,Standard_LANDparcels,-1136,2080
1383,Standard_LANDparcels,-1136,-2112
1384,Premium_2LANDSparcels,-1152,-176
1385,Deluxe_4LANDSparcels,-1152,0
1386,Deluxe_4LANDSparcels,-1152,-32
1387,Premium_2LANDSparcels,-1152,144
1388,Deluxe_4LANDSparcels,-1152,1296
1389,Deluxe_4LANDSparcels,-1152,-1328
1390,Deluxe_4LANDSparcels,-1152,1328
1391,Deluxe_4LANDSparcels,-1152,-1360
1392,Premium_2LANDSparcels,-1152,1504
1393,Premium_2LANDSparcels,-1152,-1536
1394,Premium_2LANDSparcels,-1152,5172
1395,Premium_2LANDSparcels,-1152,4716
1396,Exclusive_8LANDSparcels,-1168,1088
1397,Exclusive_8LANDSparcels,-1168,-1120
1398,Exclusive_8LANDSparcels,-1168,1120
1399,Exclusive_8LANDSparcels,-1168,-1152
1400,Exclusive_8LANDSparcels,-1168,1152
1401,Exclusive_8LANDSparcels,-1168,-1184
1402,Deluxe_4LANDSparcels,-1184,3136
1403,Deluxe_4LANDSparcels,-1184,3168
1404,Standard_LANDparcels,-1200,4180
1405,Deluxe_4LANDSparcels,-1216,3136
1406,Deluxe_4LANDSparcels,-1216,3168
1407,Standard_LANDparcels,-1296,5264
1408,Standard_LANDparcels,-1296,4624
1409,Exclusive_8LANDSparcels,-1344,3056
1410,Exclusive_8LANDSparcels,-1344,3088
1411,Exclusive_8LANDSparcels,-1344,3120
1412,Premium_2LANDSparcels,-1360,3472
1413,Deluxe_4LANDSparcels,-1360,3264
1414,Deluxe_4LANDSparcels,-1360,3296
1415,Exclusive_8LANDSparcels,-1376,3056
1416,Exclusive_8LANDSparcels,-1376,3120
1417,Standard_LANDparcels,-1376,3856
1418,Standard_LANDparcels,-1376,3664
1419,Premium_2LANDSparcels,-1392,3472
1420,Deluxe_4LANDSparcels,-1392,3264
1421,Deluxe_4LANDSparcels,-1392,3296
1422,Exclusive_8LANDSparcels,-1408,3056
1423,Exclusive_8LANDSparcels,-1408,3088
1424,Exclusive_8LANDSparcels,-1408,3120
1425,Standard_LANDparcels,-1456,404
1426,Standard_LANDparcels,-1456,-436
1427,Standard_LANDparcels,-1456,5364
1428,Standard_LANDparcels,-1456,4524
1429,Standard_LANDparcels,-1616,304
1430,Standard_LANDparcels,-1616,-336
1431,Standard_LANDparcels,-1712,-780
1432,Standard_LANDparcels,-1712,748
1433,Exclusive_8LANDSparcels,-1744,-3808
1434,Exclusive_8LANDSparcels,-1744,-3840
1435,Exclusive_8LANDSparcels,-1744,-3872
1436,Exclusive_8LANDSparcels,-1744,3840
1437,Exclusive_8LANDSparcels,-1744,-6080
1438,Exclusive_8LANDSparcels,-1744,3808
1439,Exclusive_8LANDSparcels,-1744,-6112
1440,Exclusive_8LANDSparcels,-1744,3776
1441,Exclusive_8LANDSparcels,-1744,-6144
1442,Premium_2LANDSparcels,-1760,5104
1443,Deluxe_4LANDSparcels,-1760,4928
1444,Deluxe_4LANDSparcels,-1760,4960
1445,Premium_2LANDSparcels,-1760,4784
1446,Premium_2LANDSparcels,-1760,212
1447,Premium_2LANDSparcels,-1760,-244
1448,Premium_2LANDSparcels,-1760,-3456
1449,Deluxe_4LANDSparcels,-1760,-3632
1450,Deluxe_4LANDSparcels,-1760,-3664
1451,Deluxe_4LANDSparcels,-1760,3632
1452,Deluxe_4LANDSparcels,-1760,-6288
1453,Deluxe_4LANDSparcels,-1760,3600
1454,Deluxe_4LANDSparcels,-1760,-6320
1455,Premium_2LANDSparcels,-1760,3424
1456,Premium_2LANDSparcels,-1760,-6496
1457,Premium_2LANDSparcels,-1760,-4816
1458,Deluxe_4LANDSparcels,-1760,-4960
1459,Premium_2LANDSparcels,-1760,-5136
1460,Deluxe_4LANDSparcels,-1760,-4992
1461,Standard_LANDparcels,-1776,-2880
1462,Standard_LANDparcels,-1776,-3072
1463,Standard_LANDparcels,-1776,5264
1464,Standard_LANDparcels,-1776,4624
1465,Standard_LANDparcels,-1776,-3264
1466,Exclusive_8LANDSparcels,-1776,-3808
1467,Exclusive_8LANDSparcels,-1776,-3872
1468,Exclusive_8LANDSparcels,-1776,3840
1469,Exclusive_8LANDSparcels,-1776,-6080
1470,Exclusive_8LANDSparcels,-1776,3776
1471,Exclusive_8LANDSparcels,-1776,-6144
1472,Standard_LANDparcels,-1776,-4656
1473,Standard_LANDparcels,-1776,-5296
1474,Standard_LANDparcels,-1776,3232
1475,Standard_LANDparcels,-1776,-6688
1476,Standard_LANDparcels,-1776,3040
1477,Standard_LANDparcels,-1776,-6880
1478,Standard_LANDparcels,-1776,2848
1479,Standard_LANDparcels,-1776,-7072
1480,Premium_2LANDSparcels,-1792,5104
1481,Deluxe_4LANDSparcels,-1792,4928
1482,Deluxe_4LANDSparcels,-1792,4960
1483,Premium_2LANDSparcels,-1792,4784
1484,Premium_2LANDSparcels,-1792,212
1485,Premium_2LANDSparcels,-1792,-244
1486,Premium_2LANDSparcels,-1792,-3456
1487,Deluxe_4LANDSparcels,-1792,-3632
1488,Deluxe_4LANDSparcels,-1792,-3664
1489,Deluxe_4LANDSparcels,-1792,3632
1490,Deluxe_4LANDSparcels,-1792,-6288
1491,Deluxe_4LANDSparcels,-1792,3600
1492,Deluxe_4LANDSparcels,-1792,-6320
1493,Premium_2LANDSparcels,-1792,3424
1494,Premium_2LANDSparcels,-1792,-6496
1495,Premium_2LANDSparcels,-1792,-4816
1496,Premium_2LANDSparcels,-1792,-5136
1497,Deluxe_4LANDSparcels,-1792,-4960
1498,Deluxe_4LANDSparcels,-1792,-4992
1499,Exclusive_8LANDSparcels,-1808,-3808
1500,Exclusive_8LANDSparcels,-1808,-3840
1501,Exclusive_8LANDSparcels,-1808,-3872
1502,Exclusive_8LANDSparcels,-1808,3840
1503,Exclusive_8LANDSparcels,-1808,-6080
1504,Exclusive_8LANDSparcels,-1808,3808
1505,Exclusive_8LANDSparcels,-1808,-6112
1506,Exclusive_8LANDSparcels,-1808,3776
1507,Exclusive_8LANDSparcels,-1808,-6144
1508,Standard_LANDparcels,-1888,-684
1509,Standard_LANDparcels,-1888,652
1510,Deluxe_4LANDSparcels,-1920,138
1511,Deluxe_4LANDSparcels,-1920,106
1512,Deluxe_4LANDSparcels,-1920,-138
1513,Deluxe_4LANDSparcels,-1920,-170
1514,Deluxe_4LANDSparcels,-1936,-3728
1515,Deluxe_4LANDSparcels,-1936,-3760
1516,Standard_LANDparcels,-1952,-2740
1517,Deluxe_4LANDSparcels,-1952,138
1518,Deluxe_4LANDSparcels,-1952,106
1519,Deluxe_4LANDSparcels,-1952,-138
1520,Deluxe_4LANDSparcels,-1952,-170
1521,Standard_LANDparcels,-1952,2708
1522,Standard_LANDparcels,-1952,-7212
1523,Deluxe_4LANDSparcels,-1968,-3728
1524,Deluxe_4LANDSparcels,-1968,-3760
1525,Premium_2LANDSparcels,-2048,-578
1526,Premium_2LANDSparcels,-2048,546
1527,Exclusive_8LANDSparcels,-2064,4192
1528,Exclusive_8LANDSparcels,-2064,5696
1529,Exclusive_8LANDSparcels,-2064,4160
1530,Exclusive_8LANDSparcels,-2064,5728
1531,Exclusive_8LANDSparcels,-2064,4128
1532,Exclusive_8LANDSparcels,-2064,5760
1533,Exclusive_8LANDSparcels,-2064,-4224
1534,Exclusive_8LANDSparcels,-2064,-5728
1535,Exclusive_8LANDSparcels,-2064,-4192
1536,Exclusive_8LANDSparcels,-2064,-5760
1537,Exclusive_8LANDSparcels,-2064,-4160
1538,Exclusive_8LANDSparcels,-2064,-5792
1539,Exclusive_8LANDSparcels,-2074,16
1540,Exclusive_8LANDSparcels,-2074,-16
1541,Exclusive_8LANDSparcels,-2074,-48
1542,Premium_2LANDSparcels,-2080,-578
1543,Premium_2LANDSparcels,-2080,546
1544,Exclusive_8LANDSparcels,-2096,4192
1545,Exclusive_8LANDSparcels,-2096,5696
1546,Exclusive_8LANDSparcels,-2096,4128
1547,Exclusive_8LANDSparcels,-2096,5760
1548,Exclusive_8LANDSparcels,-2096,-4224
1549,Exclusive_8LANDSparcels,-2096,-5728
1550,Exclusive_8LANDSparcels,-2096,-4160
1551,Exclusive_8LANDSparcels,-2096,-5792
1552,Exclusive_8LANDSparcels,-2106,16
1553,Exclusive_8LANDSparcels,-2106,-48
1554,Premium_2LANDSparcels,-2112,-3648
1555,Standard_LANDparcels,-2128,-2644
1556,Exclusive_8LANDSparcels,-2128,4192
1557,Exclusive_8LANDSparcels,-2128,5696
1558,Exclusive_8LANDSparcels,-2128,4160
1559,Exclusive_8LANDSparcels,-2128,5728
1560,Exclusive_8LANDSparcels,-2128,4128
1561,Exclusive_8LANDSparcels,-2128,5760
1562,Exclusive_8LANDSparcels,-2128,-4224
1563,Exclusive_8LANDSparcels,-2128,-5728
1564,Exclusive_8LANDSparcels,-2128,-4192
1565,Exclusive_8LANDSparcels,-2128,-5760
1566,Exclusive_8LANDSparcels,-2128,-4160
1567,Exclusive_8LANDSparcels,-2128,-5792
1568,Standard_LANDparcels,-2128,2612
1569,Standard_LANDparcels,-2128,-7308
1570,Exclusive_8LANDSparcels,-2138,16
1571,Exclusive_8LANDSparcels,-2138,-16
1572,Exclusive_8LANDSparcels,-2138,-48
1573,Premium_2LANDSparcels,-2144,-3648
1574,Deluxe_4LANDSparcels,-2224,-498
1575,Deluxe_4LANDSparcels,-2224,-466
1576,Deluxe_4LANDSparcels,-2224,434
1577,Deluxe_4LANDSparcels,-2224,466
1578,Deluxe_4LANDSparcels,-2240,4096
1579,Deluxe_4LANDSparcels,-2240,5792
1580,Deluxe_4LANDSparcels,-2240,4064
1581,Deluxe_4LANDSparcels,-2240,5824
1582,Deluxe_4LANDSparcels,-2240,-4128
1583,Deluxe_4LANDSparcels,-2240,-5824
1584,Deluxe_4LANDSparcels,-2240,-4096
1585,Deluxe_4LANDSparcels,-2240,-5856
1586,Deluxe_4LANDSparcels,-2256,-498
1587,Deluxe_4LANDSparcels,-2256,-466
1588,Deluxe_4LANDSparcels,-2256,434
1589,Deluxe_4LANDSparcels,-2256,466
1590,Deluxe_4LANDSparcels,-2272,4096
1591,Deluxe_4LANDSparcels,-2272,5792
1592,Deluxe_4LANDSparcels,-2272,4064
1593,Deluxe_4LANDSparcels,-2272,5824
1594,Deluxe_4LANDSparcels,-2272,-4128
1595,Deluxe_4LANDSparcels,-2272,-5824
1596,Deluxe_4LANDSparcels,-2272,-4096
1597,Deluxe_4LANDSparcels,-2272,-5856
1598,Premium_2LANDSparcels,-2288,-2548
1599,Premium_2LANDSparcels,-2288,2516
1600,Premium_2LANDSparcels,-2288,-7404
1601,Standard_LANDparcels,-2304,-3552
1602,Premium_2LANDSparcels,-2320,-2548
1603,Premium_2LANDSparcels,-2320,2516
1604,Premium_2LANDSparcels,-2320,-7404
1605,Exclusive_8LANDSparcels,-2384,-448
1606,Exclusive_8LANDSparcels,-2384,-416
1607,Exclusive_8LANDSparcels,-2384,-384
1608,Exclusive_8LANDSparcels,-2384,352
1609,Exclusive_8LANDSparcels,-2384,384
1610,Exclusive_8LANDSparcels,-2384,416
1611,Premium_2LANDSparcels,-2400,-800
1612,Deluxe_4LANDSparcels,-2400,-624
1613,Deluxe_4LANDSparcels,-2400,-592
1614,Deluxe_4LANDSparcels,-2400,560
1615,Deluxe_4LANDSparcels,-2400,592
1616,Premium_2LANDSparcels,-2400,768
1617,Premium_2LANDSparcels,-2400,3970
1618,Premium_2LANDSparcels,-2400,5918
1619,Premium_2LANDSparcels,-2400,-4002
1620,Premium_2LANDSparcels,-2400,-5950
1621,Standard_LANDparcels,-2416,-1184
1622,Standard_LANDparcels,-2416,-992
1623,Standard_LANDparcels,-2416,1152
1624,Standard_LANDparcels,-2416,960
1625,Exclusive_8LANDSparcels,-2416,-448
1626,Exclusive_8LANDSparcels,-2416,-384
1627,Exclusive_8LANDSparcels,-2416,352
1628,Exclusive_8LANDSparcels,-2416,416
1629,Premium_2LANDSparcels,-2432,-800
1630,Deluxe_4LANDSparcels,-2432,-624
1631,Deluxe_4LANDSparcels,-2432,-592
1632,Deluxe_4LANDSparcels,-2432,560
1633,Deluxe_4LANDSparcels,-2432,592
1634,Premium_2LANDSparcels,-2432,768
1635,Premium_2LANDSparcels,-2432,3970
1636,Premium_2LANDSparcels,-2432,5918
1637,Premium_2LANDSparcels,-2432,-4002
1638,Premium_2LANDSparcels,-2432,-5950
1639,Exclusive_8LANDSparcels,-2448,-448
1640,Exclusive_8LANDSparcels,-2448,-416
1641,Exclusive_8LANDSparcels,-2448,-384
1642,Exclusive_8LANDSparcels,-2448,352
1643,Exclusive_8LANDSparcels,-2448,384
1644,Exclusive_8LANDSparcels,-2448,416
1645,Deluxe_4LANDSparcels,-2464,-2432
1646,Deluxe_4LANDSparcels,-2464,-2464
1647,Deluxe_4LANDSparcels,-2464,2432
1648,Deluxe_4LANDSparcels,-2464,-7488
1649,Deluxe_4LANDSparcels,-2464,2400
1650,Deluxe_4LANDSparcels,-2464,-7520
1651,Standard_LANDparcels,-2480,-3456
1652,Deluxe_4LANDSparcels,-2496,-2432
1653,Deluxe_4LANDSparcels,-2496,-2464
1654,Deluxe_4LANDSparcels,-2496,2432
1655,Deluxe_4LANDSparcels,-2496,-7488
1656,Deluxe_4LANDSparcels,-2496,2400
1657,Deluxe_4LANDSparcels,-2496,-7520
1658,Standard_LANDparcels,-2576,3888
1659,Standard_LANDparcels,-2576,6000
1660,Standard_LANDparcels,-2576,-3920
1661,Standard_LANDparcels,-2576,-6032
1662,Exclusive_8LANDSparcels,-2624,-2352
1663,Exclusive_8LANDSparcels,-2624,-2384
1664,Exclusive_8LANDSparcels,-2624,-2416
1665,Exclusive_8LANDSparcels,-2624,2384
1666,Exclusive_8LANDSparcels,-2624,-7536
1667,Exclusive_8LANDSparcels,-2624,2352
1668,Exclusive_8LANDSparcels,-2624,-7568
1669,Exclusive_8LANDSparcels,-2624,2320
1670,Exclusive_8LANDSparcels,-2624,-7600
1671,Deluxe_4LANDSparcels,-2640,-2560
1672,Deluxe_4LANDSparcels,-2640,-2592
1673,Premium_2LANDSparcels,-2640,-2768
1674,Exclusive_8LANDSparcels,-2656,-2352
1675,Exclusive_8LANDSparcels,-2656,-2416
1676,Standard_LANDparcels,-2656,-2960
1677,Standard_LANDparcels,-2656,-3152
1678,Standard_LANDparcels,-2656,-3344
1679,Exclusive_8LANDSparcels,-2656,2384
1680,Exclusive_8LANDSparcels,-2656,-7536
1681,Exclusive_8LANDSparcels,-2656,2320
1682,Exclusive_8LANDSparcels,-2656,-7600
1683,Deluxe_4LANDSparcels,-2672,-2560
1684,Deluxe_4LANDSparcels,-2672,-2592
1685,Premium_2LANDSparcels,-2672,-2768
1686,Exclusive_8LANDSparcels,-2688,-2352
1687,Exclusive_8LANDSparcels,-2688,-2384
1688,Exclusive_8LANDSparcels,-2688,-2416
1689,Exclusive_8LANDSparcels,-2688,2384
1690,Exclusive_8LANDSparcels,-2688,-7536
1691,Exclusive_8LANDSparcels,-2688,2352
1692,Exclusive_8LANDSparcels,-2688,-7568
1693,Exclusive_8LANDSparcels,-2688,2320
1694,Exclusive_8LANDSparcels,-2688,-7600
1695,Standard_LANDparcels,-2736,3808
1696,Standard_LANDparcels,-2736,6080
1697,Standard_LANDparcels,-2736,-3840
1698,Standard_LANDparcels,-2736,-6112
1699,Standard_LANDparcels,-2896,3709
1700,Standard_LANDparcels,-2896,6179
1701,Standard_LANDparcels,-2896,-3741
1702,Standard_LANDparcels,-2896,-6211
1703,Standard_LANDparcels,-3056,3808
1704,Standard_LANDparcels,-3056,6080
1705,Standard_LANDparcels,-3056,-3840
1706,Standard_LANDparcels,-3056,-6112
1707,Exclusive_8LANDSparcels,-3104,-2416
1708,Exclusive_8LANDSparcels,-3104,-2384
1709,Exclusive_8LANDSparcels,-3104,-2352
1710,Exclusive_8LANDSparcels,-3104,2384
1711,Exclusive_8LANDSparcels,-3104,-7536
1712,Exclusive_8LANDSparcels,-3104,2352
1713,Exclusive_8LANDSparcels,-3104,-7568
1714,Exclusive_8LANDSparcels,-3104,2320
1715,Exclusive_8LANDSparcels,-3104,-7600
1716,Premium_2LANDSparcels,-3120,-2768
1717,Deluxe_4LANDSparcels,-3120,-2592
1718,Deluxe_4LANDSparcels,-3120,-2560
1719,Standard_LANDparcels,-3136,-3152
1720,Standard_LANDparcels,-3136,-2960
1721,Exclusive_8LANDSparcels,-3136,-2416
1722,Exclusive_8LANDSparcels,-3136,-2352
1723,Exclusive_8LANDSparcels,-3136,2384
1724,Exclusive_8LANDSparcels,-3136,-7536
1725,Exclusive_8LANDSparcels,-3136,2320
1726,Exclusive_8LANDSparcels,-3136,-7600
1727,Premium_2LANDSparcels,-3152,-2768
1728,Deluxe_4LANDSparcels,-3152,-2592
1729,Deluxe_4LANDSparcels,-3152,-2560
1730,Exclusive_8LANDSparcels,-3168,-2416
1731,Exclusive_8LANDSparcels,-3168,-2384
1732,Exclusive_8LANDSparcels,-3168,-2352
1733,Exclusive_8LANDSparcels,-3168,2384
1734,Exclusive_8LANDSparcels,-3168,-7536
1735,Exclusive_8LANDSparcels,-3168,2352
1736,Exclusive_8LANDSparcels,-3168,-7568
1737,Exclusive_8LANDSparcels,-3168,2320
1738,Exclusive_8LANDSparcels,-3168,-7600
1739,Exclusive_8LANDSparcels,-3184,416
1740,Exclusive_8LANDSparcels,-3184,384
1741,Exclusive_8LANDSparcels,-3184,352
1742,Exclusive_8LANDSparcels,-3184,-384
1743,Exclusive_8LANDSparcels,-3184,-416
1744,Exclusive_8LANDSparcels,-3184,-448
1745,Premium_2LANDSparcels,-3200,768
1746,Deluxe_4LANDSparcels,-3200,592
1747,Deluxe_4LANDSparcels,-3200,560
1748,Deluxe_4LANDSparcels,-3200,-592
1749,Deluxe_4LANDSparcels,-3200,-624
1750,Premium_2LANDSparcels,-3200,-800
1751,Standard_LANDparcels,-3216,3888
1752,Standard_LANDparcels,-3216,6000
1753,Exclusive_8LANDSparcels,-3216,416
1754,Exclusive_8LANDSparcels,-3216,352
1755,Exclusive_8LANDSparcels,-3216,-384
1756,Exclusive_8LANDSparcels,-3216,-448
1757,Standard_LANDparcels,-3216,960
1758,Standard_LANDparcels,-3216,1152
1759,Standard_LANDparcels,-3216,-992
1760,Standard_LANDparcels,-3216,-1184
1761,Standard_LANDparcels,-3216,-3920
1762,Standard_LANDparcels,-3216,-6032
1763,Premium_2LANDSparcels,-3232,768
1764,Deluxe_4LANDSparcels,-3232,592
1765,Deluxe_4LANDSparcels,-3232,560
1766,Deluxe_4LANDSparcels,-3232,-592
1767,Deluxe_4LANDSparcels,-3232,-624
1768,Premium_2LANDSparcels,-3232,-800
1769,Exclusive_8LANDSparcels,-3248,416
1770,Exclusive_8LANDSparcels,-3248,384
1771,Exclusive_8LANDSparcels,-3248,352
1772,Exclusive_8LANDSparcels,-3248,-384
1773,Exclusive_8LANDSparcels,-3248,-416
1774,Exclusive_8LANDSparcels,-3248,-448
1775,Deluxe_4LANDSparcels,-3296,-2464
1776,Deluxe_4LANDSparcels,-3296,-2432
1777,Deluxe_4LANDSparcels,-3296,2432
1778,Deluxe_4LANDSparcels,-3296,-7488
1779,Deluxe_4LANDSparcels,-3296,2400
1780,Deluxe_4LANDSparcels,-3296,-7520
1781,Standard_LANDparcels,-3312,6444
1782,Standard_LANDparcels,-3312,-3476
1783,Deluxe_4LANDSparcels,-3328,-2464
1784,Deluxe_4LANDSparcels,-3328,-2432
1785,Deluxe_4LANDSparcels,-3328,2432
1786,Deluxe_4LANDSparcels,-3328,-7488
1787,Deluxe_4LANDSparcels,-3328,2400
1788,Deluxe_4LANDSparcels,-3328,-7520
1789,Premium_2LANDSparcels,-3360,3970
1790,Premium_2LANDSparcels,-3360,5918
1791,Premium_2LANDSparcels,-3360,-4002
1792,Premium_2LANDSparcels,-3360,-5950
1793,Deluxe_4LANDSparcels,-3376,466
1794,Deluxe_4LANDSparcels,-3376,434
1795,Deluxe_4LANDSparcels,-3376,-466
1796,Deluxe_4LANDSparcels,-3376,-498
1797,Premium_2LANDSparcels,-3392,3970
1798,Premium_2LANDSparcels,-3392,5918
1799,Standard_LANDparcels,-3392,1484
1800,Standard_LANDparcels,-3392,-1516
1801,Premium_2LANDSparcels,-3392,-4002
1802,Premium_2LANDSparcels,-3392,-5950
1803,Deluxe_4LANDSparcels,-3408,466
1804,Deluxe_4LANDSparcels,-3408,434
1805,Deluxe_4LANDSparcels,-3408,-466
1806,Deluxe_4LANDSparcels,-3408,-498
1807,Premium_2LANDSparcels,-3472,-2548
1808,Premium_2LANDSparcels,-3472,2516
1809,Premium_2LANDSparcels,-3472,-7404
1810,Standard_LANDparcels,-3488,6328
1811,Standard_LANDparcels,-3488,-3592
1812,Exclusive_8LANDSparcels,-3494,-48
1813,Exclusive_8LANDSparcels,-3494,-16
1814,Exclusive_8LANDSparcels,-3494,16
1815,Premium_2LANDSparcels,-3504,-2548
1816,Premium_2LANDSparcels,-3504,2516
1817,Premium_2LANDSparcels,-3504,-7404
1818,Deluxe_4LANDSparcels,-3520,4064
1819,Deluxe_4LANDSparcels,-3520,5824
1820,Deluxe_4LANDSparcels,-3520,4096
1821,Deluxe_4LANDSparcels,-3520,5792
1822,Deluxe_4LANDSparcels,-3520,-4096
1823,Deluxe_4LANDSparcels,-3520,-5856
1824,Deluxe_4LANDSparcels,-3520,-4128
1825,Deluxe_4LANDSparcels,-3520,-5824
1826,Exclusive_8LANDSparcels,-3526,-48
1827,Exclusive_8LANDSparcels,-3526,16
1828,Deluxe_4LANDSparcels,-3552,4064
1829,Deluxe_4LANDSparcels,-3552,5824
1830,Deluxe_4LANDSparcels,-3552,4096
1831,Deluxe_4LANDSparcels,-3552,5792
1832,Premium_2LANDSparcels,-3552,546
1833,Premium_2LANDSparcels,-3552,-578
1834,Deluxe_4LANDSparcels,-3552,-4096
1835,Deluxe_4LANDSparcels,-3552,-5856
1836,Deluxe_4LANDSparcels,-3552,-4128
1837,Deluxe_4LANDSparcels,-3552,-5824
1838,Exclusive_8LANDSparcels,-3558,-48
1839,Exclusive_8LANDSparcels,-3558,-16
1840,Exclusive_8LANDSparcels,-3558,16
1841,Standard_LANDparcels,-3568,1580
1842,Standard_LANDparcels,-3568,-1612
1843,Premium_2LANDSparcels,-3584,546
1844,Premium_2LANDSparcels,-3584,-578
1845,Premium_2LANDSparcels,-3648,6232
1846,Premium_2LANDSparcels,-3648,-3688
1847,Standard_LANDparcels,-3664,-2644
1848,Exclusive_8LANDSparcels,-3664,4126
1849,Exclusive_8LANDSparcels,-3664,5762
1850,Exclusive_8LANDSparcels,-3664,4158
1851,Exclusive_8LANDSparcels,-3664,5730
1852,Exclusive_8LANDSparcels,-3664,4190
1853,Exclusive_8LANDSparcels,-3664,5698
1854,Exclusive_8LANDSparcels,-3664,-4158
1855,Exclusive_8LANDSparcels,-3664,-5794
1856,Exclusive_8LANDSparcels,-3664,-4190
1857,Exclusive_8LANDSparcels,-3664,-5762
1858,Exclusive_8LANDSparcels,-3664,-4222
1859,Exclusive_8LANDSparcels,-3664,-5730
1860,Standard_LANDparcels,-3664,2612
1861,Standard_LANDparcels,-3664,-7308
1862,Premium_2LANDSparcels,-3680,6232
1863,Premium_2LANDSparcels,-3680,-3688
1864,Deluxe_4LANDSparcels,-3680,-170
1865,Deluxe_4LANDSparcels,-3680,-138
1866,Deluxe_4LANDSparcels,-3680,106
1867,Deluxe_4LANDSparcels,-3680,138
1868,Exclusive_8LANDSparcels,-3696,4126
1869,Exclusive_8LANDSparcels,-3696,5762
1870,Exclusive_8LANDSparcels,-3696,4190
1871,Exclusive_8LANDSparcels,-3696,5698
1872,Exclusive_8LANDSparcels,-3696,-4158
1873,Exclusive_8LANDSparcels,-3696,-5794
1874,Exclusive_8LANDSparcels,-3696,-4222
1875,Exclusive_8LANDSparcels,-3696,-5730
1876,Deluxe_4LANDSparcels,-3712,-170
1877,Deluxe_4LANDSparcels,-3712,-138
1878,Deluxe_4LANDSparcels,-3712,106
1879,Deluxe_4LANDSparcels,-3712,138
1880,Exclusive_8LANDSparcels,-3728,4126
1881,Exclusive_8LANDSparcels,-3728,5762
1882,Exclusive_8LANDSparcels,-3728,4158
1883,Exclusive_8LANDSparcels,-3728,5730
1884,Exclusive_8LANDSparcels,-3728,4190
1885,Exclusive_8LANDSparcels,-3728,5698
1886,Premium_2LANDSparcels,-3728,1676
1887,Premium_2LANDSparcels,-3728,-1708
1888,Exclusive_8LANDSparcels,-3728,-4158
1889,Exclusive_8LANDSparcels,-3728,-5794
1890,Exclusive_8LANDSparcels,-3728,-4190
1891,Exclusive_8LANDSparcels,-3728,-5762
1892,Exclusive_8LANDSparcels,-3728,-4222
1893,Exclusive_8LANDSparcels,-3728,-5730
1894,Standard_LANDparcels,-3744,652
1895,Standard_LANDparcels,-3744,-684
1896,Premium_2LANDSparcels,-3760,1676
1897,Premium_2LANDSparcels,-3760,-1708
1898,Deluxe_4LANDSparcels,-3824,6120
1899,Deluxe_4LANDSparcels,-3824,-3800
1900,Deluxe_4LANDSparcels,-3824,6152
1901,Deluxe_4LANDSparcels,-3824,-3768
1902,Standard_LANDparcels,-3840,-2740
1903,Premium_2LANDSparcels,-3840,-244
1904,Premium_2LANDSparcels,-3840,212
1905,Standard_LANDparcels,-3840,2708
1906,Standard_LANDparcels,-3840,-7212
1907,Deluxe_4LANDSparcels,-3856,6120
1908,Deluxe_4LANDSparcels,-3856,-3800
1909,Deluxe_4LANDSparcels,-3856,6152
1910,Deluxe_4LANDSparcels,-3856,-3768
1911,Premium_2LANDSparcels,-3872,-244
1912,Premium_2LANDSparcels,-3872,212
1913,Deluxe_4LANDSparcels,-3904,1792
1914,Deluxe_4LANDSparcels,-3904,1760
1915,Deluxe_4LANDSparcels,-3904,-1792
1916,Deluxe_4LANDSparcels,-3904,-1824
1917,Standard_LANDparcels,-3920,748
1918,Standard_LANDparcels,-3920,-780
1919,Deluxe_4LANDSparcels,-3936,1792
1920,Deluxe_4LANDSparcels,-3936,1760
1921,Deluxe_4LANDSparcels,-3936,-1792
1922,Deluxe_4LANDSparcels,-3936,-1824
1923,Exclusive_8LANDSparcels,-3984,6048
1924,Exclusive_8LANDSparcels,-3984,-3872
1925,Exclusive_8LANDSparcels,-3984,6080
1926,Exclusive_8LANDSparcels,-3984,-3840
1927,Exclusive_8LANDSparcels,-3984,6112
1928,Exclusive_8LANDSparcels,-3984,-3808
1929,Exclusive_8LANDSparcels,-3984,3840
1930,Exclusive_8LANDSparcels,-3984,-6080
1931,Exclusive_8LANDSparcels,-3984,3808
1932,Exclusive_8LANDSparcels,-3984,-6112
1933,Exclusive_8LANDSparcels,-3984,3776
1934,Exclusive_8LANDSparcels,-3984,-6144
1935,Deluxe_4LANDSparcels,-4000,6256
1936,Deluxe_4LANDSparcels,-4000,-3664
1937,Deluxe_4LANDSparcels,-4000,6288
1938,Deluxe_4LANDSparcels,-4000,-3632
1939,Premium_2LANDSparcels,-4000,6464
1940,Premium_2LANDSparcels,-4000,-3456
1941,Premium_2LANDSparcels,-4000,4784
1942,Deluxe_4LANDSparcels,-4000,4960
1943,Deluxe_4LANDSparcels,-4000,4928
1944,Premium_2LANDSparcels,-4000,5104
1945,Deluxe_4LANDSparcels,-4000,3632
1946,Deluxe_4LANDSparcels,-4000,-6288
1947,Deluxe_4LANDSparcels,-4000,3600
1948,Deluxe_4LANDSparcels,-4000,-6320
1949,Premium_2LANDSparcels,-4000,3424
1950,Premium_2LANDSparcels,-4000,-6496
1951,Premium_2LANDSparcels,-4000,-5136
1952,Premium_2LANDSparcels,-4000,-4816
1953,Deluxe_4LANDSparcels,-4000,-4960
1954,Deluxe_4LANDSparcels,-4000,-4992
1955,Exclusive_8LANDSparcels,-4016,6048
1956,Exclusive_8LANDSparcels,-4016,-3872
1957,Exclusive_8LANDSparcels,-4016,6112
1958,Exclusive_8LANDSparcels,-4016,-3808
1959,Standard_LANDparcels,-4016,6656
1960,Standard_LANDparcels,-4016,-3264
1961,Standard_LANDparcels,-4016,6848
1962,Standard_LANDparcels,-4016,-3072
1963,Standard_LANDparcels,-4016,4624
1964,Standard_LANDparcels,-4016,5264
1965,Standard_LANDparcels,-4016,-336
1966,Standard_LANDparcels,-4016,304
1967,Exclusive_8LANDSparcels,-4016,3840
1968,Exclusive_8LANDSparcels,-4016,-6080
1969,Exclusive_8LANDSparcels,-4016,3776
1970,Exclusive_8LANDSparcels,-4016,-6144
1971,Standard_LANDparcels,-4016,3232
1972,Standard_LANDparcels,-4016,-6688
1973,Standard_LANDparcels,-4016,-5296
1974,Standard_LANDparcels,-4016,-4656
1975,Standard_LANDparcels,-4016,3040
1976,Standard_LANDparcels,-4016,-6880
1977,Standard_LANDparcels,-4016,2848
1978,Standard_LANDparcels,-4016,-7072
1979,Deluxe_4LANDSparcels,-4032,6256
1980,Deluxe_4LANDSparcels,-4032,-3664
1981,Deluxe_4LANDSparcels,-4032,6288
1982,Deluxe_4LANDSparcels,-4032,-3632
1983,Premium_2LANDSparcels,-4032,6464
1984,Premium_2LANDSparcels,-4032,-3456
1985,Premium_2LANDSparcels,-4032,4784
1986,Deluxe_4LANDSparcels,-4032,4960
1987,Deluxe_4LANDSparcels,-4032,4928
1988,Premium_2LANDSparcels,-4032,5104
1989,Deluxe_4LANDSparcels,-4032,3632
1990,Deluxe_4LANDSparcels,-4032,-6288
1991,Deluxe_4LANDSparcels,-4032,3600
1992,Deluxe_4LANDSparcels,-4032,-6320
1993,Premium_2LANDSparcels,-4032,3424
1994,Premium_2LANDSparcels,-4032,-6496
1995,Premium_2LANDSparcels,-4032,-5136
1996,Premium_2LANDSparcels,-4032,-4816
1997,Deluxe_4LANDSparcels,-4032,-4960
1998,Deluxe_4LANDSparcels,-4032,-4992
1999,Exclusive_8LANDSparcels,-4048,6048
2000,Exclusive_8LANDSparcels,-4048,-3872
2001,Exclusive_8LANDSparcels,-4048,6080
2002,Exclusive_8LANDSparcels,-4048,-3840
2003,Exclusive_8LANDSparcels,-4048,6112
2004,Exclusive_8LANDSparcels,-4048,-3808
2005,Exclusive_8LANDSparcels,-4048,3840
2006,Exclusive_8LANDSparcels,-4048,-6080
2007,Exclusive_8LANDSparcels,-4048,3808
2008,Exclusive_8LANDSparcels,-4048,-6112
2009,Exclusive_8LANDSparcels,-4048,3776
2010,Exclusive_8LANDSparcels,-4048,-6144
2011,Exclusive_8LANDSparcels,-4064,1872
2012,Exclusive_8LANDSparcels,-4064,1840
2013,Exclusive_8LANDSparcels,-4064,1808
2014,Exclusive_8LANDSparcels,-4064,-1840
2015,Exclusive_8LANDSparcels,-4064,-1872
2016,Exclusive_8LANDSparcels,-4064,-1904
2017,Premium_2LANDSparcels,-4080,1456
2018,Deluxe_4LANDSparcels,-4080,1664
2019,Deluxe_4LANDSparcels,-4080,1632
2020,Premium_2LANDSparcels,-4080,-1488
2021,Deluxe_4LANDSparcels,-4080,-1664
2022,Deluxe_4LANDSparcels,-4080,-1696
2023,Exclusive_8LANDSparcels,-4096,1872
2024,Exclusive_8LANDSparcels,-4096,1808
2025,Standard_LANDparcels,-4096,1072
2026,Standard_LANDparcels,-4096,1264
2027,Standard_LANDparcels,-4096,-1104
2028,Standard_LANDparcels,-4096,-1296
2029,Exclusive_8LANDSparcels,-4096,-1840
2030,Exclusive_8LANDSparcels,-4096,-1904
2031,Premium_2LANDSparcels,-4112,1456
2032,Deluxe_4LANDSparcels,-4112,1664
2033,Deluxe_4LANDSparcels,-4112,1632
2034,Premium_2LANDSparcels,-4112,-1488
2035,Deluxe_4LANDSparcels,-4112,-1664
2036,Deluxe_4LANDSparcels,-4112,-1696
2037,Exclusive_8LANDSparcels,-4128,1872
2038,Exclusive_8LANDSparcels,-4128,1840
2039,Exclusive_8LANDSparcels,-4128,1808
2040,Exclusive_8LANDSparcels,-4128,-1840
2041,Exclusive_8LANDSparcels,-4128,-1872
2042,Exclusive_8LANDSparcels,-4128,-1904
2043,Standard_LANDparcels,-4176,-436
2044,Standard_LANDparcels,-4176,404
2045,Standard_LANDparcels,-4336,5364
2046,Standard_LANDparcels,-4336,4524
2047,Standard_LANDparcels,-4336,-4556
2048,Standard_LANDparcels,-4336,-5396
2049,Exclusive_8LANDSparcels,-4384,3120
2050,Exclusive_8LANDSparcels,-4384,-6800
2051,Exclusive_8LANDSparcels,-4384,-3152
2052,Exclusive_8LANDSparcels,-4384,6768
2053,Exclusive_8LANDSparcels,-4384,3088
2054,Exclusive_8LANDSparcels,-4384,-3120
2055,Exclusive_8LANDSparcels,-4384,-6832
2056,Exclusive_8LANDSparcels,-4384,6800
2057,Exclusive_8LANDSparcels,-4384,-3088
2058,Exclusive_8LANDSparcels,-4384,3056
2059,Exclusive_8LANDSparcels,-4384,6832
2060,Exclusive_8LANDSparcels,-4384,-6864
2061,Deluxe_4LANDSparcels,-4400,3296
2062,Deluxe_4LANDSparcels,-4400,-3328
2063,Deluxe_4LANDSparcels,-4400,-6624
2064,Deluxe_4LANDSparcels,-4400,6592
2065,Deluxe_4LANDSparcels,-4400,3264
2066,Deluxe_4LANDSparcels,-4400,-3296
2067,Deluxe_4LANDSparcels,-4400,-6656
2068,Deluxe_4LANDSparcels,-4400,6624
2069,Premium_2LANDSparcels,-4400,-6448
2070,Premium_2LANDSparcels,-4400,-3504
2071,Premium_2LANDSparcels,-4400,6416
2072,Premium_2LANDSparcels,-4400,3472
2073,Standard_LANDparcels,-4416,-6256
2074,Standard_LANDparcels,-4416,-3696
2075,Standard_LANDparcels,-4416,6224
2076,Standard_LANDparcels,-4416,3664
2077,Standard_LANDparcels,-4416,-6064
2078,Standard_LANDparcels,-4416,-3888
2079,Standard_LANDparcels,-4416,6032
2080,Standard_LANDparcels,-4416,3856
2081,Standard_LANDparcels,-4416,-4080
2082,Standard_LANDparcels,-4416,-5872
2083,Standard_LANDparcels,-4416,5840
2084,Exclusive_8LANDSparcels,-4416,3120
2085,Exclusive_8LANDSparcels,-4416,-6800
2086,Exclusive_8LANDSparcels,-4416,-3152
2087,Exclusive_8LANDSparcels,-4416,6768
2088,Exclusive_8LANDSparcels,-4416,-3088
2089,Exclusive_8LANDSparcels,-4416,3056
2090,Exclusive_8LANDSparcels,-4416,6832
2091,Exclusive_8LANDSparcels,-4416,-6864
2092,Deluxe_4LANDSparcels,-4432,3296
2093,Deluxe_4LANDSparcels,-4432,-3328
2094,Deluxe_4LANDSparcels,-4432,-6624
2095,Deluxe_4LANDSparcels,-4432,6592
2096,Deluxe_4LANDSparcels,-4432,3264
2097,Deluxe_4LANDSparcels,-4432,-3296
2098,Deluxe_4LANDSparcels,-4432,-6656
2099,Deluxe_4LANDSparcels,-4432,6624
2100,Premium_2LANDSparcels,-4432,-6448
2101,Premium_2LANDSparcels,-4432,-3504
2102,Premium_2LANDSparcels,-4432,6416
2103,Premium_2LANDSparcels,-4432,3472
2104,Exclusive_8LANDSparcels,-4448,3120
2105,Exclusive_8LANDSparcels,-4448,-6800
2106,Exclusive_8LANDSparcels,-4448,-3152
2107,Exclusive_8LANDSparcels,-4448,6768
2108,Exclusive_8LANDSparcels,-4448,3088
2109,Exclusive_8LANDSparcels,-4448,-3120
2110,Exclusive_8LANDSparcels,-4448,-6832
2111,Exclusive_8LANDSparcels,-4448,6800
2112,Exclusive_8LANDSparcels,-4448,-3088
2113,Exclusive_8LANDSparcels,-4448,3056
2114,Exclusive_8LANDSparcels,-4448,6832
2115,Exclusive_8LANDSparcels,-4448,-6864
2116,Premium_2LANDSparcels,-4480,144
2117,Deluxe_4LANDSparcels,-4480,-32
2118,Deluxe_4LANDSparcels,-4480,0
2119,Premium_2LANDSparcels,-4480,-176
2120,Standard_LANDparcels,-4496,5264
2121,Standard_LANDparcels,-4496,4624
2122,Standard_LANDparcels,-4496,304
2123,Standard_LANDparcels,-4496,-336
2124,Standard_LANDparcels,-4496,-4656
2125,Standard_LANDparcels,-4496,-5296
2126,Premium_2LANDSparcels,-4512,144
2127,Deluxe_4LANDSparcels,-4512,-32
2128,Deluxe_4LANDSparcels,-4512,0
2129,Premium_2LANDSparcels,-4512,-176
2130,Deluxe_4LANDSparcels,-4576,3168
2131,Deluxe_4LANDSparcels,-4576,-3200
2132,Deluxe_4LANDSparcels,-4576,-6752
2133,Deluxe_4LANDSparcels,-4576,6720
2134,Deluxe_4LANDSparcels,-4576,3136
2135,Deluxe_4LANDSparcels,-4576,-3168
2136,Deluxe_4LANDSparcels,-4576,-6784
2137,Deluxe_4LANDSparcels,-4576,6752
2138,Standard_LANDparcels,-4592,-4192
2139,Standard_LANDparcels,-4592,-5760
2140,Standard_LANDparcels,-4592,5728
2141,Standard_LANDparcels,-4592,4180
2142,Deluxe_4LANDSparcels,-4608,3168
2143,Deluxe_4LANDSparcels,-4608,-3200
2144,Deluxe_4LANDSparcels,-4608,-6752
2145,Deluxe_4LANDSparcels,-4608,6720
2146,Deluxe_4LANDSparcels,-4608,3136
2147,Deluxe_4LANDSparcels,-4608,-3168
2148,Deluxe_4LANDSparcels,-4608,-6784
2149,Deluxe_4LANDSparcels,-4608,6752
2150,Premium_2LANDSparcels,-4640,5172
2151,Premium_2LANDSparcels,-4640,4716
2152,Premium_2LANDSparcels,-4640,-4748
2153,Premium_2LANDSparcels,-4640,-5204
2154,Premium_2LANDSparcels,-4672,5172
2155,Premium_2LANDSparcels,-4672,4716
2156,Premium_2LANDSparcels,-4672,-4748
2157,Premium_2LANDSparcels,-4672,-5204
2158,Premium_2LANDSparcels,-4752,-6668
2159,Premium_2LANDSparcels,-4752,-3284
2160,Premium_2LANDSparcels,-4752,6636
2161,Premium_2LANDSparcels,-4752,3252
2162,Standard_LANDparcels,-4768,-4288
2163,Standard_LANDparcels,-4768,-5664
2164,Standard_LANDparcels,-4768,5632
2165,Standard_LANDparcels,-4768,4276
2166,Exclusive_8LANDSparcels,-4784,-770
2167,Exclusive_8LANDSparcels,-4784,738
2168,Exclusive_8LANDSparcels,-4784,-802
2169,Exclusive_8LANDSparcels,-4784,770
2170,Exclusive_8LANDSparcels,-4784,-834
2171,Exclusive_8LANDSparcels,-4784,802
2172,Premium_2LANDSparcels,-4784,-6668
2173,Premium_2LANDSparcels,-4784,-3284
2174,Premium_2LANDSparcels,-4784,6636
2175,Premium_2LANDSparcels,-4784,3252
2176,Deluxe_4LANDSparcels,-4800,5098
2177,Deluxe_4LANDSparcels,-4800,5066
2178,Deluxe_4LANDSparcels,-4800,4822
2179,Deluxe_4LANDSparcels,-4800,4790
2180,Deluxe_4LANDSparcels,-4800,-4822
2181,Deluxe_4LANDSparcels,-4800,-4854
2182,Deluxe_4LANDSparcels,-4800,-5098
2183,Deluxe_4LANDSparcels,-4800,-5130
2184,Exclusive_8LANDSparcels,-4816,-770
2185,Exclusive_8LANDSparcels,-4816,738
2186,Exclusive_8LANDSparcels,-4816,-834
2187,Exclusive_8LANDSparcels,-4816,802
2188,Deluxe_4LANDSparcels,-4832,5098
2189,Deluxe_4LANDSparcels,-4832,5066
2190,Deluxe_4LANDSparcels,-4832,4822
2191,Deluxe_4LANDSparcels,-4832,4790
2192,Deluxe_4LANDSparcels,-4832,-4822
2193,Deluxe_4LANDSparcels,-4832,-4854
2194,Deluxe_4LANDSparcels,-4832,-5098
2195,Deluxe_4LANDSparcels,-4832,-5130
2196,Exclusive_8LANDSparcels,-4848,-770
2197,Exclusive_8LANDSparcels,-4848,738
2198,Exclusive_8LANDSparcels,-4848,-802
2199,Exclusive_8LANDSparcels,-4848,770
2200,Exclusive_8LANDSparcels,-4848,-834
2201,Exclusive_8LANDSparcels,-4848,802
2202,Premium_2LANDSparcels,-4928,-5568
2203,Premium_2LANDSparcels,-4928,-4384
2204,Premium_2LANDSparcels,-4928,5536
2205,Premium_2LANDSparcels,-4928,4382
2206,Standard_LANDparcels,-4944,-6572
2207,Standard_LANDparcels,-4944,-3380
2208,Standard_LANDparcels,-4944,6540
2209,Standard_LANDparcels,-4944,3348
2210,Exclusive_8LANDSparcels,-4954,4976
2211,Exclusive_8LANDSparcels,-4954,4944
2212,Exclusive_8LANDSparcels,-4954,4912
2213,Exclusive_8LANDSparcels,-4954,-4944
2214,Exclusive_8LANDSparcels,-4954,-4976
2215,Exclusive_8LANDSparcels,-4954,-5008
2216,Deluxe_4LANDSparcels,-4960,-864
2217,Deluxe_4LANDSparcels,-4960,832
2218,Deluxe_4LANDSparcels,-4960,-896
2219,Deluxe_4LANDSparcels,-4960,864
2220,Premium_2LANDSparcels,-4960,-5568
2221,Premium_2LANDSparcels,-4960,-4384
2222,Premium_2LANDSparcels,-4960,5536
2223,Premium_2LANDSparcels,-4960,4382
2224,Exclusive_8LANDSparcels,-4986,4976
2225,Exclusive_8LANDSparcels,-4986,4912
2226,Exclusive_8LANDSparcels,-4986,-4944
2227,Exclusive_8LANDSparcels,-4986,-5008
2228,Deluxe_4LANDSparcels,-4992,-864
2229,Deluxe_4LANDSparcels,-4992,832
2230,Deluxe_4LANDSparcels,-4992,-896
2231,Deluxe_4LANDSparcels,-4992,864
2232,Exclusive_8LANDSparcels,-5018,4976
2233,Exclusive_8LANDSparcels,-5018,4944
2234,Exclusive_8LANDSparcels,-5018,4912
2235,Exclusive_8LANDSparcels,-5018,-4944
2236,Exclusive_8LANDSparcels,-5018,-4976
2237,Exclusive_8LANDSparcels,-5018,-5008
2238,Deluxe_4LANDSparcels,-5104,-5456
2239,Deluxe_4LANDSparcels,-5104,-4496
2240,Deluxe_4LANDSparcels,-5104,5424
2241,Deluxe_4LANDSparcels,-5104,4494
2242,Deluxe_4LANDSparcels,-5104,-5488
2243,Deluxe_4LANDSparcels,-5104,-4464
2244,Deluxe_4LANDSparcels,-5104,5456
2245,Deluxe_4LANDSparcels,-5104,4462
2246,Premium_2LANDSparcels,-5120,-990
2247,Premium_2LANDSparcels,-5120,958
2248,Standard_LANDparcels,-5120,-6476
2249,Standard_LANDparcels,-5120,-3476
2250,Standard_LANDparcels,-5120,6444
2251,Standard_LANDparcels,-5120,3444
2252,Deluxe_4LANDSparcels,-5136,-5456
2253,Deluxe_4LANDSparcels,-5136,-4496
2254,Deluxe_4LANDSparcels,-5136,5424
2255,Deluxe_4LANDSparcels,-5136,4494
2256,Deluxe_4LANDSparcels,-5136,-5488
2257,Deluxe_4LANDSparcels,-5136,-4464
2258,Deluxe_4LANDSparcels,-5136,5456
2259,Deluxe_4LANDSparcels,-5136,4462
2260,Premium_2LANDSparcels,-5152,-990
2261,Premium_2LANDSparcels,-5152,958
2262,Exclusive_8LANDSparcels,-5264,-5344
2263,Exclusive_8LANDSparcels,-5264,4576
2264,Exclusive_8LANDSparcels,-5264,-4608
2265,Exclusive_8LANDSparcels,-5264,5312
2266,Exclusive_8LANDSparcels,-5264,-5376
2267,Exclusive_8LANDSparcels,-5264,-4576
2268,Exclusive_8LANDSparcels,-5264,5344
2269,Exclusive_8LANDSparcels,-5264,4544
2270,Exclusive_8LANDSparcels,-5264,-4544
2271,Exclusive_8LANDSparcels,-5264,5376
2272,Exclusive_8LANDSparcels,-5264,-5408
2273,Exclusive_8LANDSparcels,-5264,4512
2274,Deluxe_4LANDSparcels,-5280,-4400
2275,Deluxe_4LANDSparcels,-5280,-5552
2276,Deluxe_4LANDSparcels,-5280,5520
2277,Deluxe_4LANDSparcels,-5280,4368
2278,Deluxe_4LANDSparcels,-5280,-4368
2279,Deluxe_4LANDSparcels,-5280,-5584
2280,Deluxe_4LANDSparcels,-5280,5552
2281,Deluxe_4LANDSparcels,-5280,4336
2282,Premium_2LANDSparcels,-5280,-4192
2283,Premium_2LANDSparcels,-5280,-5760
2284,Premium_2LANDSparcels,-5280,5728
2285,Premium_2LANDSparcels,-5280,4160
2286,Standard_LANDparcels,-5296,-1072
2287,Standard_LANDparcels,-5296,1040
2288,Standard_LANDparcels,-5296,-3808
2289,Standard_LANDparcels,-5296,-6144
2290,Standard_LANDparcels,-5296,6112
2291,Standard_LANDparcels,-5296,3776
2292,Standard_LANDparcels,-5296,-4000
2293,Standard_LANDparcels,-5296,-5952
2294,Standard_LANDparcels,-5296,5920
2295,Standard_LANDparcels,-5296,3968
2296,Standard_LANDparcels,-5296,-3616
2297,Standard_LANDparcels,-5296,-6336
2298,Standard_LANDparcels,-5296,6304
2299,Exclusive_8LANDSparcels,-5296,-5344
2300,Exclusive_8LANDSparcels,-5296,4576
2301,Exclusive_8LANDSparcels,-5296,-4608
2302,Exclusive_8LANDSparcels,-5296,5312
2303,Exclusive_8LANDSparcels,-5296,-4544
2304,Exclusive_8LANDSparcels,-5296,5376
2305,Exclusive_8LANDSparcels,-5296,-5408
2306,Exclusive_8LANDSparcels,-5296,4512
2307,Deluxe_4LANDSparcels,-5312,-4400
2308,Deluxe_4LANDSparcels,-5312,-5552
2309,Deluxe_4LANDSparcels,-5312,5520
2310,Deluxe_4LANDSparcels,-5312,4368
2311,Deluxe_4LANDSparcels,-5312,-4368
2312,Deluxe_4LANDSparcels,-5312,-5584
2313,Deluxe_4LANDSparcels,-5312,5552
2314,Deluxe_4LANDSparcels,-5312,4336
2315,Premium_2LANDSparcels,-5312,-4192
2316,Premium_2LANDSparcels,-5312,-5760
2317,Premium_2LANDSparcels,-5312,5728
2318,Premium_2LANDSparcels,-5312,4160
2319,Exclusive_8LANDSparcels,-5328,-5344
2320,Exclusive_8LANDSparcels,-5328,4576
2321,Exclusive_8LANDSparcels,-5328,-4608
2322,Exclusive_8LANDSparcels,-5328,5312
2323,Exclusive_8LANDSparcels,-5328,-5376
2324,Exclusive_8LANDSparcels,-5328,-4576
2325,Exclusive_8LANDSparcels,-5328,5344
2326,Exclusive_8LANDSparcels,-5328,4544
2327,Exclusive_8LANDSparcels,-5328,-4544
2328,Exclusive_8LANDSparcels,-5328,5376
2329,Exclusive_8LANDSparcels,-5328,-5408
2330,Exclusive_8LANDSparcels,-5328,4512
2331,Standard_LANDparcels,-5456,-1152
2332,Standard_LANDparcels,-5456,1120
2333,Standard_LANDparcels,-5616,-1251
2334,Standard_LANDparcels,-5616,1219
2335,Standard_LANDparcels,-5776,-1152
2336,Standard_LANDparcels,-5776,1120
2337,Standard_LANDparcels,-5936,-1072
2338,Standard_LANDparcels,-5936,1040
2339,Premium_2LANDSparcels,-6080,-990
2340,Premium_2LANDSparcels,-6080,958
2341,Premium_2LANDSparcels,-6112,-990
2342,Premium_2LANDSparcels,-6112,958
2343,Deluxe_4LANDSparcels,-6240,-896
2344,Deluxe_4LANDSparcels,-6240,864
2345,Deluxe_4LANDSparcels,-6240,-864
2346,Deluxe_4LANDSparcels,-6240,832
2347,Deluxe_4LANDSparcels,-6272,-896
2348,Deluxe_4LANDSparcels,-6272,864
2349,Deluxe_4LANDSparcels,-6272,-864
2350,Deluxe_4LANDSparcels,-6272,832
2351,Exclusive_8LANDSparcels,-6384,-832
2352,Exclusive_8LANDSparcels,-6384,800
2353,Exclusive_8LANDSparcels,-6384,-800
2354,Exclusive_8LANDSparcels,-6384,768
2355,Exclusive_8LANDSparcels,-6384,736
2356,Exclusive_8LANDSparcels,-6384,-768
2357,Exclusive_8LANDSparcels,-6416,-832
2358,Exclusive_8LANDSparcels,-6416,800
2359,Exclusive_8LANDSparcels,-6416,736
2360,Exclusive_8LANDSparcels,-6416,-768
2361,Exclusive_8LANDSparcels,-6448,-832
2362,Exclusive_8LANDSparcels,-6448,800
2363,Exclusive_8LANDSparcels,-6448,-800
2364,Exclusive_8LANDSparcels,-6448,768
2365,Exclusive_8LANDSparcels,-6448,736
2366,Exclusive_8LANDSparcels,-6448,-768
2367,Premium_2LANDSparcels,-6720,-176
2368,Deluxe_4LANDSparcels,-6720,0
2369,Deluxe_4LANDSparcels,-6720,-32
2370,Premium_2LANDSparcels,-6720,144
2371,Standard_LANDparcels,-6736,-336
2372,Standard_LANDparcels,-6736,304
2373,Premium_2LANDSparcels,-6752,-176
2374,Deluxe_4LANDSparcels,-6752,0
2375,Deluxe_4LANDSparcels,-6752,-32
2376,Premium_2LANDSparcels,-6752,144
2377,Standard_LANDparcels,-7056,404
2378,Standard_LANDparcels,-7056,-436
2379,Exclusive_8LANDSparcels,-7104,1808
2380,Exclusive_8LANDSparcels,-7104,-1840
2381,Exclusive_8LANDSparcels,-7104,1840
2382,Exclusive_8LANDSparcels,-7104,-1872
2383,Exclusive_8LANDSparcels,-7104,1872
2384,Exclusive_8LANDSparcels,-7104,-1904
2385,Deluxe_4LANDSparcels,-7120,1632
2386,Deluxe_4LANDSparcels,-7120,-1664
2387,Deluxe_4LANDSparcels,-7120,1664
2388,Deluxe_4LANDSparcels,-7120,-1696
2389,Premium_2LANDSparcels,-7120,1456
2390,Premium_2LANDSparcels,-7120,-1488
2391,Standard_LANDparcels,-7136,1264
2392,Standard_LANDparcels,-7136,-1296
2393,Standard_LANDparcels,-7136,1072
2394,Standard_LANDparcels,-7136,-1104
2395,Standard_LANDparcels,-7136,880
2396,Standard_LANDparcels,-7136,-912
2397,Exclusive_8LANDSparcels,-7136,1808
2398,Exclusive_8LANDSparcels,-7136,-1840
2399,Exclusive_8LANDSparcels,-7136,1872
2400,Exclusive_8LANDSparcels,-7136,-1904
2401,Deluxe_4LANDSparcels,-7152,1632
2402,Deluxe_4LANDSparcels,-7152,-1664
2403,Deluxe_4LANDSparcels,-7152,1664
2404,Deluxe_4LANDSparcels,-7152,-1696
2405,Premium_2LANDSparcels,-7152,1456
2406,Premium_2LANDSparcels,-7152,-1488
2407,Exclusive_8LANDSparcels,-7168,1808
2408,Exclusive_8LANDSparcels,-7168,-1840
2409,Exclusive_8LANDSparcels,-7168,1840
2410,Exclusive_8LANDSparcels,-7168,-1872
2411,Exclusive_8LANDSparcels,-7168,1872
2412,Exclusive_8LANDSparcels,-7168,-1904
2413,Standard_LANDparcels,-7216,304
2414,Standard_LANDparcels,-7216,-336
2415,Deluxe_4LANDSparcels,-7296,1760
2416,Deluxe_4LANDSparcels,-7296,-1792
2417,Deluxe_4LANDSparcels,-7296,1792
2418,Deluxe_4LANDSparcels,-7296,-1824
2419,Standard_LANDparcels,-7312,768
2420,Standard_LANDparcels,-7312,-800
2421,Deluxe_4LANDSparcels,-7328,1760
2422,Deluxe_4LANDSparcels,-7328,-1792
2423,Deluxe_4LANDSparcels,-7328,1792
2424,Deluxe_4LANDSparcels,-7328,-1824
2425,Premium_2LANDSparcels,-7360,212
2426,Premium_2LANDSparcels,-7360,-244
2427,Premium_2LANDSparcels,-7392,212
2428,Premium_2LANDSparcels,-7392,-244
2429,Premium_2LANDSparcels,-7472,1676
2430,Premium_2LANDSparcels,-7472,-1708
2431,Standard_LANDparcels,-7488,672
2432,Standard_LANDparcels,-7488,-704
2433,Premium_2LANDSparcels,-7504,1676
2434,Premium_2LANDSparcels,-7504,-1708
2435,Deluxe_4LANDSparcels,-7520,138
2436,Deluxe_4LANDSparcels,-7520,106
2437,Deluxe_4LANDSparcels,-7520,-138
2438,Deluxe_4LANDSparcels,-7520,-170
2439,Deluxe_4LANDSparcels,-7552,138
2440,Deluxe_4LANDSparcels,-7552,106
2441,Deluxe_4LANDSparcels,-7552,-138
2442,Deluxe_4LANDSparcels,-7552,-170
2443,Premium_2LANDSparcels,-7648,576
2444,Premium_2LANDSparcels,-7648,-608
2445,Standard_LANDparcels,-7664,1580
2446,Standard_LANDparcels,-7664,-1612
2447,Exclusive_8LANDSparcels,-7674,16
2448,Exclusive_8LANDSparcels,-7674,-16
2449,Exclusive_8LANDSparcels,-7674,-48
2450,Premium_2LANDSparcels,-7680,576
2451,Premium_2LANDSparcels,-7680,-608
2452,Exclusive_8LANDSparcels,-7706,16
2453,Exclusive_8LANDSparcels,-7706,-48
2454,Exclusive_8LANDSparcels,-7738,16
2455,Exclusive_8LANDSparcels,-7738,-16
2456,Exclusive_8LANDSparcels,-7738,-48
2457,Deluxe_4LANDSparcels,-7824,464
2458,Deluxe_4LANDSparcels,-7824,-496
2459,Deluxe_4LANDSparcels,-7824,496
2460,Deluxe_4LANDSparcels,-7824,-528
2461,Standard_LANDparcels,-7840,1484
2462,Standard_LANDparcels,-7840,-1516
2463,Deluxe_4LANDSparcels,-7856,464
2464,Deluxe_4LANDSparcels,-7856,-496
2465,Deluxe_4LANDSparcels,-7856,496
2466,Deluxe_4LANDSparcels,-7856,-528
2467,Exclusive_8LANDSparcels,-7984,352
2468,Exclusive_8LANDSparcels,-7984,-384
2469,Exclusive_8LANDSparcels,-7984,384
2470,Exclusive_8LANDSparcels,-7984,-416
2471,Exclusive_8LANDSparcels,-7984,416
2472,Exclusive_8LANDSparcels,-7984,-448
2473,Deluxe_4LANDSparcels,-8000,560
2474,Deluxe_4LANDSparcels,-8000,-592
2475,Deluxe_4LANDSparcels,-8000,592
2476,Deluxe_4LANDSparcels,-8000,-624
2477,Premium_2LANDSparcels,-8000,768
2478,Premium_2LANDSparcels,-8000,-800
2479,Standard_LANDparcels,-8016,1152
2480,Standard_LANDparcels,-8016,-1184
2481,Standard_LANDparcels,-8016,960
2482,Standard_LANDparcels,-8016,-992
2483,Standard_LANDparcels,-8016,1344
2484,Standard_LANDparcels,-8016,-1376
2485,Exclusive_8LANDSparcels,-8016,352
2486,Exclusive_8LANDSparcels,-8016,-384
2487,Exclusive_8LANDSparcels,-8016,416
2488,Exclusive_8LANDSparcels,-8016,-448
2489,Deluxe_4LANDSparcels,-8032,560
2490,Deluxe_4LANDSparcels,-8032,-592
2491,Deluxe_4LANDSparcels,-8032,592
2492,Deluxe_4LANDSparcels,-8032,-624
2493,Premium_2LANDSparcels,-8032,768
2494,Premium_2LANDSparcels,-8032,-800
2495,Exclusive_8LANDSparcels,-8048,352
2496,Exclusive_8LANDSparcels,-8048,-384
2497,Exclusive_8LANDSparcels,-8048,384
2498,Exclusive_8LANDSparcels,-8048,-416
2499,Exclusive_8LANDSparcels,-8048,416
2500,Exclusive_8LANDSparcels,-8048,-448